attack_method,dataset,number,ground_truth,software_output,BLEU,Meteor,BERTScore,InferSent,InferSent_dis,SBERT,SBERT_dis,SimCSE,SimCSE_dis,NC,NBC,TKNC,BKNC,SemEval,SynEval,,adv_text,ori_text,fluency,consistency,label,difficulty
bae,mnli,192,0,2,0.707106781,0.881944444,0.8354528,0.8690942,0.976486339,0.7570064,4.324011029,0.8459731,0.55502607,0.457532051,0.844250801,0.9375,0.943910256,0.858788985,0.094187729,,[[[[Premise]]]]: Starting from [[being]]>>>>[[[[Hypothesis]]]]: Hanging on to what we have.,[[[[Premise]]]]: Starting from [[Scratch]]>>>>[[[[Hypothesis]]]]: Hanging on to what we have.,1.0,2.3333333333333335,0.0,2.75
pso,mnli,183,2,0,0.793755921,0.907032136,0.9526057,0.9730854,0.602146637,0.9861755,1.102755906,0.9660595,0.260540444,0.462339744,0.84385016,0.920673077,0.925480769,0.881393731,0.270766433,,[[[[Premise]]]]: Arafat is also ailing and has no clear successor.>>>>[[[[Hypothesis]]]]: Arafat is [[exactly]] ailing and has no [[distinguishable]] successor that is willing to wear his hats.,[[[[Premise]]]]: Arafat is also ailing and has no clear successor.>>>>[[[[Hypothesis]]]]: Arafat is [[also]] ailing and has no [[clear]] successor that is willing to wear his hats.,2.0,3.6666666666666665,2.0,2.5
pso,mnli,214,0,2,0.906187443,0.959722222,0.9710339,0.94608754,0.784357555,0.95603186,1.560966149,0.95335025,0.305449692,0.458733974,0.84385016,0.966746795,0.96875,0.615607333,0.137067903,,[[[[Premise]]]]: and for regular readers who are a bit confused about our schedule (and who can blame them?)>>>>[[[[Hypothesis]]]]: who can blame who greatly [[criticizes]] our schedule?,[[[[Premise]]]]: and for regular readers who are a bit confused about our schedule (and who can blame them?)>>>>[[[[Hypothesis]]]]: who can blame who greatly [[appreciates]] our schedule?,1.75,1.6666666666666667,1.0,3.0
pso,mnli,344,1,0,0.948661035,0.977223561,0.983629,0.9655034,0.694849083,0.98729116,0.771569758,0.9611232,0.278843445,0.459234776,0.845252404,0.961538462,0.961939103,0.903186148,0.269362816,,"[[[[Premise]]]]: Under the leadership of Henry the Navigator, caravels set out from the westernmost point of the Algarve, in southern Portugal, in search of foreign lands, fame, and wealth.>>>>[[[[Hypothesis]]]]: Expeditions [[dismissed]] the Algarve in southern Portugal in order to discover new countries and create fortunes.","[[[[Premise]]]]: Under the leadership of Henry the Navigator, caravels set out from the westernmost point of the Algarve, in southern Portugal, in search of foreign lands, fame, and wealth.>>>>[[[[Hypothesis]]]]: Expeditions [[left]] the Algarve in southern Portugal in order to discover new countries and create fortunes.",2.6666666666666665,1.6666666666666667,0.0,2.3333333333333335
alzantot,mnli,292,0,2,0.585659603,0.736111111,0.89536345,0.9198306,0.948854587,0.96805584,1.603022872,0.9016948,0.443407674,0.463942308,0.842247596,0.945913462,0.941907051,0.85813216,0.211550394,,"[[[[Premise]]]]: Good-bye."" Julius was [[bent]] over the car.>>>>[[[[Hypothesis]]]]: Julius wouldn't [[let]] the [[home]].","[[[[Premise]]]]: Good-bye."" Julius was [[bending]] over the car.>>>>[[[[Hypothesis]]]]: Julius wouldn't [[leave]] the [[house]].",1.6666666666666667,1.5,2.0,2.6666666666666665
bae,mnli,92,0,2,0.930604859,0.922809829,0.9578305,0.91364294,1.016534644,0.9005047,2.955978464,0.88021696,0.489454867,0.464643429,0.831330128,0.813301282,0.828926282,0.791238016,0.312171758,,[[[[Premise]]]]: [[welsh]] action wouldn't have mattered.>>>>[[[[Hypothesis]]]]: British action would have made a big difference.,[[[[Premise]]]]: [[British]] action wouldn't have mattered.>>>>[[[[Hypothesis]]]]: British action would have made a big difference.,3.5,1.6666666666666667,2.0,4.0
bae,mnli,182,2,0,0.940645199,0.970480203,0.9798051,0.97763485,0.635305538,0.9461057,1.510118332,0.9291482,0.376435354,0.454927885,0.845052083,0.937099359,0.935897436,0.684169745,0.24763968,,"[[[[Premise]]]]:  The Romans [[still]] really infiltrated Ibiza, and even after the defeat of Hannibal in 202 b.c. during the Second Punic War their influence was restrained.>>>>[[[[Hypothesis]]]]: The Romans didn't infiltrate Ibiza because it wasn't valuable.","[[[[Premise]]]]:  The Romans [[never]] really infiltrated Ibiza, and even after the defeat of Hannibal in 202 b.c. during the Second Punic War their influence was restrained.>>>>[[[[Hypothesis]]]]: The Romans didn't infiltrate Ibiza because it wasn't valuable.",3.0,1.6666666666666667,0.0,4.666666666666667
bae,mnli,271,1,2,0.709810872,0.861341223,0.92138505,0.92867976,0.797753408,0.967869,1.402741522,0.9052128,0.435401498,0.45703125,0.845452724,0.955528846,0.958733974,0.766714451,0.148662656,,[[[[Premise]]]]: oh that [[could]] be [[tons]] of interesting is it>>>>[[[[Hypothesis]]]]: That sounds kinda interesting to me.,[[[[Premise]]]]: oh that [[might]] be [[kind]] of interesting is it>>>>[[[[Hypothesis]]]]: That sounds kinda interesting to me.,1.5,3.3333333333333335,1.0,2.6666666666666665
bae,mnli,107,1,0,0.937001145,0.970480203,0.992524,0.99938667,0.102148265,0.9952448,0.475650717,0.9823892,0.187674254,0.462039263,0.845052083,0.954326923,0.956330128,0.930366427,0.214510435,,"[[[[Premise]]]]: But although the [[70]] Minutes producer is played by the star (Pacino grandstands, but not to the point of distraction), Bergman's story doesn't have the same primal force.>>>>[[[[Hypothesis]]]]: Pacino plays a 60 Minutes producer.","[[[[Premise]]]]: But although the [[60]] Minutes producer is played by the star (Pacino grandstands, but not to the point of distraction), Bergman's story doesn't have the same primal force.>>>>[[[[Hypothesis]]]]: Pacino plays a 60 Minutes producer.",2.6666666666666665,2.6666666666666665,0.0,3.75
bae,mnli,93,0,2,0.961954175,0.984359253,0.98900115,0.98472506,0.507951391,0.9966675,0.338434834,0.9546658,0.301111989,0.456830929,0.842748397,0.959935897,0.962339744,0.828439087,0.202816024,,[[[[Premise]]]]: yeah that's probably a  a little bit under what it is for this time of year i i think i haven't seen the weather the news the weather on the news in the evening lately but i think the average high would be it should be about seventy>>>>[[[[Hypothesis]]]]: All I do is watch the weather channel and I'm [[not]] up to date on it.,[[[[Premise]]]]: yeah that's probably a  a little bit under what it is for this time of year i i think i haven't seen the weather the news the weather on the news in the evening lately but i think the average high would be it should be about seventy>>>>[[[[Hypothesis]]]]: All I do is watch the weather channel and I'm [[totally]] up to date on it.,1.75,2.3333333333333335,0.0,2.0
pso,mnli,84,0,2,0.96582361,0.978718377,0.9780934,0.9773718,0.552044248,0.95914704,1.235617989,0.9537934,0.303995736,0.460436699,0.844951923,0.945913462,0.941907051,0.836971372,0.156080376,,[[[[Premise]]]]: in you know just dealing with the customer maybe that's there only reason why they don't it'd seem like they'd just put a little barrel out there and say it pour here and go on  we'll take your money>>>>[[[[Hypothesis]]]]: The customers were just one of many [[arguments]].,[[[[Premise]]]]: in you know just dealing with the customer maybe that's there only reason why they don't it'd seem like they'd just put a little barrel out there and say it pour here and go on  we'll take your money>>>>[[[[Hypothesis]]]]: The customers were just one of many [[reasons]].,1.0,2.6666666666666665,2.0,2.5
bae,mnli,68,2,1,0.880111737,0.888020833,0.92794436,0.9020172,0.954272333,0.9708512,1.420796002,0.967485,0.255010092,0.460236378,0.840044071,0.930689103,0.939903846,0.931332839,0.111597966,,[[[[Premise]]]]: Through Responsive and Naturalistic Approaches.>>>>[[[[Hypothesis]]]]: Natural approaches are [[available]] ,[[[[Premise]]]]: Through Responsive and Naturalistic Approaches.>>>>[[[[Hypothesis]]]]: Natural approaches are [[key]] ,3.3333333333333335,1.6666666666666667,1.0,2.5
bae,mnli,169,0,2,0.923473262,0.967598566,0.983078,0.93464994,1.034913538,0.9799783,1.015680773,0.8037476,0.62650205,0.457331731,0.84364984,0.907852564,0.904246795,0.680344868,0.28034755,,"[[[[Premise]]]]: In 1923, Turkey broke away from the tired Ottoman rulers, and Kemal Ataturk rose to power on a wave of popular support.>>>>[[[[Hypothesis]]]]: Kemal Ataturk was [[always]] affiliated with the Ottoman Empire.","[[[[Premise]]]]: In 1923, Turkey broke away from the tired Ottoman rulers, and Kemal Ataturk rose to power on a wave of popular support.>>>>[[[[Hypothesis]]]]: Kemal Ataturk was [[never]] affiliated with the Ottoman Empire.",3.6666666666666665,2.3333333333333335,0.0,3.6666666666666665
alzantot,mnli,265,1,0,0.830918399,0.905748365,0.95704174,0.97683394,0.526933022,0.9450619,1.429471899,0.9528718,0.307012132,0.455929487,0.844951923,0.932291667,0.927884615,0.885174149,0.270865085,,"[[[[Premise]]]]: [[Additionally]], these excise taxes, like other taxes, are determined through the exercise of the power of the [[Council]] to compel payment.>>>>[[[[Hypothesis]]]]: Government's [[proficiency]] to force payment is how excise taxes are calculated.","[[[[Premise]]]]: [[Moreover]], these excise taxes, like other taxes, are determined through the exercise of the power of the [[Government]] to compel payment.>>>>[[[[Hypothesis]]]]: Government's [[ability]] to force payment is how excise taxes are calculated.",4.0,4.0,1.0,2.3333333333333335
bae,mnli,305,2,0,0.81493629,0.944567016,0.9859664,0.9746685,0.60936832,0.97835743,0.935703942,0.9815196,0.192252244,0.457932692,0.84385016,0.971554487,0.969951923,0.900163794,0.231783755,,"[[[[Premise]]]]: Second, reducing the rate of HIV transmission is in any event not the only [[societal]] goal worth  If it were, we'd outlaw sex entirely.>>>>[[[[Hypothesis]]]]: [[increasing]] the transmission of HIV is just as important as reducing [[substance]] abuse.","[[[[Premise]]]]: Second, reducing the rate of HIV transmission is in any event not the only [[social]] goal worth  If it were, we'd outlaw sex entirely.>>>>[[[[Hypothesis]]]]: [[Reducing]] the transmission of HIV is just as important as reducing [[drug]] abuse.",1.6666666666666667,3.0,2.0,2.6666666666666665
bae,mnli,375,1,0,0.760856626,0.869130435,0.8620164,0.9290401,0.868380437,0.9476459,1.653179698,0.9424909,0.33914346,0.460737179,0.845653045,0.928685897,0.920272436,0.840837967,0.122638215,,[[[[Premise]]]]: [[maybe]] [[im]] not why i got it right  how do you like your tread mill>>>>[[[[Hypothesis]]]]: That is not the [[point]] I got it.,[[[[Premise]]]]: [[well]] [[that's]] not why i got it right  how do you like your tread mill>>>>[[[[Hypothesis]]]]: That is not the [[reason]] I got it.,1.3333333333333333,2.6666666666666665,2.0,2.0
bae,mnli,368,1,2,0.921050021,0.968619927,0.9927347,0.98089725,0.519673375,0.99057496,0.776267405,0.9937675,0.111646135,0.464643429,0.844551282,0.977564103,0.979967949,0.965615416,0.273376885,,[[[[Premise]]]]: He pulled his cloak [[closer]] and wished for a moment that he had not shaved his head.>>>>[[[[Hypothesis]]]]: The man  wrapped himself tightly in his cloak and was distressed about not having hair. ,[[[[Premise]]]]: He pulled his cloak [[tighter]] and wished for a moment that he had not shaved his head.>>>>[[[[Hypothesis]]]]: The man  wrapped himself tightly in his cloak and was distressed about not having hair. ,3.3333333333333335,4.666666666666667,1.0,3.6666666666666665
alzantot,mnli,183,2,0,0.898539608,0.957777778,0.9518544,0.9913945,0.333840673,0.9797193,1.282059194,0.9632495,0.271111063,0.458934295,0.844150641,0.944310897,0.939503205,0.802002761,0.278682133,,[[[[Premise]]]]: Arafat is also ailing and has no clear successor.>>>>[[[[Hypothesis]]]]: Arafat is also [[patient]] and has no clear successor that is willing to wear his hats.,[[[[Premise]]]]: Arafat is also ailing and has no clear successor.>>>>[[[[Hypothesis]]]]: Arafat is also [[ailing]] and has no clear successor that is willing to wear his hats.,4.333333333333333,3.0,2.0,4.333333333333333
alzantot,mnli,147,0,2,0.759592965,0.922222222,0.94006914,0.9652296,0.671550957,0.93504184,1.854960657,0.94559664,0.329858675,0.464242788,0.844551282,0.918669872,0.928285256,0.913223511,0.189582214,,[[[[Premise]]]]: Small [[town]] like Louisian lay scattered all over the [[Hydrocarbon]] Fields; the main train line branched between them.>>>>[[[[Hypothesis]]]]: There was only one [[municipal]] in the oil fields.,[[[[Premise]]]]: Small [[towns]] like Louisian lay scattered all over the [[Oil]] Fields; the main train line branched between them.>>>>[[[[Hypothesis]]]]: There was only one [[town]] in the oil fields.,3.75,3.25,2.0,3.0
pso,mnli,241,1,0,0.924475405,0.954493919,0.9804498,0.9419516,0.822594452,0.9710582,1.201638592,0.8704112,0.509094992,0.458934295,0.842247596,0.887820513,0.89463141,0.767909259,0.29186961,,"[[[[Premise]]]]: There is a good restaurant in the village, in addition to a well-stocked mini-market for self-catering visitors.>>>>[[[[Hypothesis]]]]: The village has a [[cabaret]].","[[[[Premise]]]]: There is a good restaurant in the village, in addition to a well-stocked mini-market for self-catering visitors.>>>>[[[[Hypothesis]]]]: The village has a [[restaurant]].",4.0,2.3333333333333335,2.0,3.6666666666666665
alzantot,mnli,354,1,0,0.931838481,0.972131519,0.9787943,0.9793622,0.524904691,0.98705435,0.731401663,0.97207844,0.236311651,0.459435096,0.842648237,0.962740385,0.959535256,0.852611828,0.280210925,,"[[[[Premise]]]]: Since 1998, LSC has initiated and overseen significant structural changes in the number and configuration of LSC-funded programs in order to develop more powerful and effective state delivery systems.>>>>[[[[Hypothesis]]]]: LSC has developed [[optimum]] state delivery systems.","[[[[Premise]]]]: Since 1998, LSC has initiated and overseen significant structural changes in the number and configuration of LSC-funded programs in order to develop more powerful and effective state delivery systems.>>>>[[[[Hypothesis]]]]: LSC has developed [[better]] state delivery systems.",4.333333333333333,4.0,1.0,3.3333333333333335
alzantot,mnli,155,2,0,0.752718114,0.866086957,0.92556244,0.9557033,0.746378387,0.85612845,2.438426236,0.9147727,0.412861702,0.46494391,0.845853365,0.939903846,0.941907051,0.841286463,0.233177447,,"[[[[Premise]]]]: I went on, 'I'm going to warn you, [[if]] you [[love]] it or not. >>>>[[[[Hypothesis]]]]: You are [[loony]] that the boy doesn't like you. ","[[[[Premise]]]]: I went on, 'I'm going to warn you, [[whether]] you [[like]] it or not. >>>>[[[[Hypothesis]]]]: You are [[mad]] that the boy doesn't like you. ",3.6666666666666665,3.5,2.0,4.5
pso,mnli,232,0,2,0.93365107,0.97360732,0.9663437,0.9949761,0.298180867,0.96113163,1.278094495,0.97883296,0.205752759,0.462339744,0.845052083,0.953525641,0.955528846,0.841271704,0.198778547,,[[[[Premise]]]]: if it had rained any more in the last two weeks instead of planting Saint Augustine grass in the front yard i think i would have plowed everything under and had a rice field>>>>[[[[Hypothesis]]]]: It's [[needed]] super dry.,[[[[Premise]]]]: if it had rained any more in the last two weeks instead of planting Saint Augustine grass in the front yard i think i would have plowed everything under and had a rice field>>>>[[[[Hypothesis]]]]: It's [[beed]] super dry.,2.0,3.0,0.0,3.25
pso,mnli,398,0,1,0.741944663,0.793367347,0.94868445,0.96240735,0.697009126,0.9067287,2.587189382,0.94194466,0.340750197,0.466446314,0.843048878,0.891826923,0.898637821,0.92498337,0.166003553,,[[[[Premise]]]]: [Requires free registration.>>>>[[[[Hypothesis]]]]: Does not require [[unlimited]] registration. ,[[[[Premise]]]]: [Requires free registration.>>>>[[[[Hypothesis]]]]: Does not require [[free]] registration. ,2.75,3.0,1.0,2.3333333333333335
pso,mnli,52,2,0,0.73488892,0.905454545,0.83716434,0.92596626,0.92383879,0.958126,1.876265071,0.89057565,0.467812861,0.458733974,0.840044071,0.876201923,0.884214744,0.827392614,0.177474425,,[[[[Premise]]]]: Vrenna looked it and smiled.>>>>[[[[Hypothesis]]]]: Vrenna was [[dilly]] it was destroyed,[[[[Premise]]]]: Vrenna looked it and smiled.>>>>[[[[Hypothesis]]]]: Vrenna was [[happy]] it was destroyed,1.6666666666666667,2.0,2.0,2.6666666666666665
pso,mnli,148,2,1,0.80032032,0.920940171,0.92939186,0.94865036,0.694767586,0.8759732,2.834172412,0.902004,0.442709882,0.456330128,0.845552885,0.940705128,0.945512821,0.826782513,0.157546595,,[[[[Premise]]]]: that would be good what'd you say>>>>[[[[Hypothesis]]]]: [[Conclude]] down what you would say.,[[[[Premise]]]]: that would be good what'd you say>>>>[[[[Hypothesis]]]]: [[Write]] down what you would say.,1.0,2.75,2.0,2.6666666666666665
alzantot,mnli,45,1,2,0.873935133,0.943675509,0.9503167,0.9512153,0.722788409,0.97215754,1.37038079,0.95424366,0.302510727,0.461738782,0.843149038,0.953525641,0.953926282,0.89871406,0.22587533,,[[[[Premise]]]]: Exhibitions are often held in the splendid entrance hall.>>>>[[[[Hypothesis]]]]: The entrance hall is often used to [[hospitality]] exhibitions.,[[[[Premise]]]]: Exhibitions are often held in the splendid entrance hall.>>>>[[[[Hypothesis]]]]: The entrance hall is often used to [[host]] exhibitions.,2.0,2.75,1.0,2.75
bae,mnli,175,1,0,0.658037006,0.841269841,0.864411,0.9779037,0.553851503,0.7049446,4.313301726,0.63736176,0.85163171,0.460436699,0.844751603,0.943910256,0.948717949,0.532276124,0.297703411,,[[[[Premise]]]]: I don't [[mind]].>>>>[[[[Hypothesis]]]]: I am not sure.,[[[[Premise]]]]: I don't [[know]].>>>>[[[[Hypothesis]]]]: I am not sure.,3.6666666666666665,2.25,0.0,3.5
pso,mnli,279,1,2,0.956675889,0.981618656,0.9896225,0.97854644,0.609300438,0.95019513,1.430394308,0.9724939,0.234546717,0.461137821,0.843549679,0.952724359,0.95713141,0.89840132,0.280495209,,"[[[[Premise]]]]: Regulators may not be totally supportive of a more comprehensive business model because they are concerned that the information would be based on a lot of judgment and, therefore, lack of precision, which could make enforcement of reporting standards difficult.>>>>[[[[Hypothesis]]]]: Being totally supportive of a more comprehensive [[cartel]] model is not something regulators may do.","[[[[Premise]]]]: Regulators may not be totally supportive of a more comprehensive business model because they are concerned that the information would be based on a lot of judgment and, therefore, lack of precision, which could make enforcement of reporting standards difficult.>>>>[[[[Hypothesis]]]]: Being totally supportive of a more comprehensive [[business]] model is not something regulators may do.",4.5,3.3333333333333335,1.0,3.0
pso,mnli,334,1,2,0.941435682,0.974287947,0.9825795,0.95461637,0.770303086,0.9164435,1.848297158,0.9696637,0.246318234,0.456530449,0.843950321,0.970352564,0.971955128,0.873013633,0.262678085,,"[[[[Premise]]]]: I could've afforded a much swankier, up-town place- or at least, a slightly swankier, mid-town place- but all that space would just encourage me to clutter.>>>>[[[[Hypothesis]]]]: I could have had a bigger [[finance]] but then I would have clutter.","[[[[Premise]]]]: I could've afforded a much swankier, up-town place- or at least, a slightly swankier, mid-town place- but all that space would just encourage me to clutter.>>>>[[[[Hypothesis]]]]: I could have had a bigger [[place]] but then I would have clutter.",3.3333333333333335,2.25,2.0,3.6666666666666665
bae,mnli,177,1,2,0.849232664,0.940257353,0.96574074,0.92822,0.831053727,0.919747,2.301895309,0.9469284,0.325796356,0.46474359,0.843950321,0.919070513,0.924679487,0.877578771,0.264130987,,[[[[Premise]]]]: It was going to be a hot [[summer]]. >>>>[[[[Hypothesis]]]]: It was going to get very warm that day.,[[[[Premise]]]]: It was going to be a hot [[day]]. >>>>[[[[Hypothesis]]]]: It was going to get very warm that day.,4.5,3.0,1.0,3.25
pso,mnli,349,0,2,0.95909656,0.9590625,0.95976716,0.9585276,0.762047823,0.97321445,1.345424304,0.9264457,0.383547391,0.462640224,0.844150641,0.915064103,0.918269231,0.757226974,0.302614196,,[[[[Premise]]]]: The Star reports that actress Jodie Foster is pregnant through artificial insemination.>>>>[[[[Hypothesis]]]]: It has been reported by The Star that Jodie Foster is not [[keen]],[[[[Premise]]]]: The Star reports that actress Jodie Foster is pregnant through artificial insemination.>>>>[[[[Hypothesis]]]]: It has been reported by The Star that Jodie Foster is not [[pregnant]],2.25,1.6666666666666667,2.0,3.5
bae,mnli,54,1,0,0.954297862,0.999996825,0.98533595,0.9952783,0.27055089,0.99321014,0.543141095,0.99494106,0.100588173,0.465144231,0.845653045,0.953125,0.956730769,0.857820207,0.248595284,,"[[[[Premise]]]]: There is very little left of old Ocho  the scant remains of Ocho Rios Fort are probably the [[older]] and now lie in an industrial area, almost forgotten as the tide of progress has swept over the town.>>>>[[[[Hypothesis]]]]: The remains of the Ocho Rios Fort are most likely the oldest parts of the town.","[[[[Premise]]]]: There is very little left of old Ocho  the scant remains of Ocho Rios Fort are probably the [[oldest]] and now lie in an industrial area, almost forgotten as the tide of progress has swept over the town.>>>>[[[[Hypothesis]]]]: The remains of the Ocho Rios Fort are most likely the oldest parts of the town.",3.0,4.75,1.0,2.25
pso,mnli,120,1,0,0.935369573,0.967598566,0.9800293,0.96280026,0.604523976,0.9537396,1.491219765,0.8969172,0.45405453,0.461838942,0.840344551,0.954326923,0.956330128,0.73950721,0.132405679,,"[[[[Premise]]]]: By placing ”one card ”on another ”with mathematical ”precision!"" I watched the card house rising under his hands, story by story. >>>>[[[[Hypothesis]]]]: I watched as he built the [[jail]], story by story.","[[[[Premise]]]]: By placing ”one card ”on another ”with mathematical ”precision!"" I watched the card house rising under his hands, story by story. >>>>[[[[Hypothesis]]]]: I watched as he built the [[house]], story by story.",3.3333333333333335,2.3333333333333335,2.0,2.75
pso,mnli,352,2,1,0.870605795,0.930845277,0.9342825,0.9579558,0.673223804,0.9638091,1.24110294,0.9116839,0.420276302,0.46474359,0.841846955,0.955929487,0.952724359,0.783901003,0.300601679,,"[[[[Premise]]]]: As Russell points out, some 400,000 legal aid cases go unassisted each year.>>>>[[[[Hypothesis]]]]: A lot of legal aid cases go unassisted each year, so this [[supposes]] to be [[pegged]].","[[[[Premise]]]]: As Russell points out, some 400,000 legal aid cases go unassisted each year.>>>>[[[[Hypothesis]]]]: A lot of legal aid cases go unassisted each year, so this [[needs]] to be [[fixed]].",2.0,2.3333333333333335,1.0,3.75
pso,mnli,7,2,0,0.983414366,0.993287365,0.9923954,0.99386185,0.359879528,0.99999994,0,1,0,0.461538462,0.840945513,0.962740385,0.96474359,0.944696271,0.198290866,,"[[[[Premise]]]]: well the first thing for me is i wonder i see a couple of different ways of talking about what privacy is um if privacy is something that disturbs your private state i mean an invasion of privacy is something that disturbs your private state that's one thing and if privacy is something that comes into your private state and extracts information from it in other words finds something out about you that's another and the first kind of invasion of the first type of privacy seems invaded to me in very much everyday in this country but in the second type at least overtly uh where someone comes in and uh finds out information about you that should be private uh does not seem uh um obviously everyday>>>>[[[[Hypothesis]]]]: All invasions of privacy should be severely [[wreaked]], because it will teach the criminals that it is not worth doing.","[[[[Premise]]]]: well the first thing for me is i wonder i see a couple of different ways of talking about what privacy is um if privacy is something that disturbs your private state i mean an invasion of privacy is something that disturbs your private state that's one thing and if privacy is something that comes into your private state and extracts information from it in other words finds something out about you that's another and the first kind of invasion of the first type of privacy seems invaded to me in very much everyday in this country but in the second type at least overtly uh where someone comes in and uh finds out information about you that should be private uh does not seem uh um obviously everyday>>>>[[[[Hypothesis]]]]: All invasions of privacy should be severely [[punished]], because it will teach the criminals that it is not worth doing.",1.0,3.75,2.0,1.0
pso,mnli,271,1,2,0.815355104,0.931972789,0.8884643,0.86172634,1.142543495,0.7829521,3.706529587,0.77092844,0.676862697,0.465144231,0.845753205,0.936298077,0.9375,0.675394961,0.155187066,,[[[[Premise]]]]: oh that might be kind of interesting is it>>>>[[[[Hypothesis]]]]: That [[creaks]] kinda interesting to me.,[[[[Premise]]]]: oh that might be kind of interesting is it>>>>[[[[Hypothesis]]]]: That [[sounds]] kinda interesting to me.,2.0,2.0,1.0,2.75
checklist,mnli,288,1,0,0.942778107,0.975737231,0.99379617,0.99563813,0.229769453,0.99934083,0.163877368,0.9980239,0.062867522,0.460136218,0.842848558,0.966346154,0.965544872,0.886358589,0.219874375,,"[[[[Premise]]]]: Generally, if pH of scrubbing liquor falls below a range of 5.0 to 6.0, additional reagent is required to maintain the reactivity of the absorbent.>>>>[[[[Hypothesis]]]]:  if pH of scrubbing liquor falls below a range of [[10]].0 to 6.0, additional reagent is required","[[[[Premise]]]]: Generally, if pH of scrubbing liquor falls below a range of 5.0 to 6.0, additional reagent is required to maintain the reactivity of the absorbent.>>>>[[[[Hypothesis]]]]:  if pH of scrubbing liquor falls below a range of [[5]].0 to 6.0, additional reagent is required",4.0,2.5,0.0,3.3333333333333335
alzantot,mnli,59,0,2,0.51497322,0.744615385,0.81695634,0.72542495,1.57629531,0.8231009,3.37003701,0.72656083,0.739512302,0.461838942,0.845352564,0.904246795,0.907451923,0.678872526,0.195218873,,[[[[Premise]]]]: He [[looked]] San'doro [[silencer]] in his thoughts.>>>>[[[[Hypothesis]]]]: The [[bloke]] made lots of noise.,[[[[Premise]]]]: He [[watched]] San'doro [[silent]] in his thoughts.>>>>[[[[Hypothesis]]]]: The [[man]] made lots of noise.,2.25,2.6666666666666665,2.0,2.0
bae,mnli,6,1,2,0.688836505,0.997252188,0.93603677,0.9595063,0.60499077,0.954858,1.693384557,0.97369444,0.229371402,0.466145833,0.845252404,0.944711538,0.943910256,0.916955358,0.120280731,,[[[[Premise]]]]: Two natural rock [[formation]] are always pointed out on [[occasion]].>>>>[[[[Hypothesis]]]]: Natural rock formations on visible on excursions.,[[[[Premise]]]]: Two natural rock [[formations]] are always pointed out on [[excursions]].>>>>[[[[Hypothesis]]]]: Natural rock formations on visible on excursions.,2.3333333333333335,3.5,1.0,3.0
alzantot,mnli,288,1,0,0.942778107,0.975737231,0.99204254,0.99165094,0.316806497,0.98342454,0.813928381,0.9819288,0.190111482,0.458032853,0.843149038,0.962740385,0.968349359,0.924484503,0.224672408,,"[[[[Premise]]]]: Generally, if pH of scrubbing liquor falls below a range of 5.0 to 6.0, additional reagent is required to maintain the reactivity of the absorbent.>>>>[[[[Hypothesis]]]]:  if pH of scrubbing liquor falls below a range of 5.0 to 6.0, [[complementary]] reagent is required","[[[[Premise]]]]: Generally, if pH of scrubbing liquor falls below a range of 5.0 to 6.0, additional reagent is required to maintain the reactivity of the absorbent.>>>>[[[[Hypothesis]]]]:  if pH of scrubbing liquor falls below a range of 5.0 to 6.0, [[additional]] reagent is required",4.25,5.0,1.0,3.3333333333333335
bae,mnli,245,0,1,0.865603055,0.943675509,0.93536365,0.81618243,1.294007227,0.93707263,1.92859088,0.8829264,0.483887667,0.459234776,0.844951923,0.916266026,0.925080128,0.647650129,0.176610058,,"[[[[Premise]]]]: I should think some one had taken charge of it."">>>>[[[[Hypothesis]]]]: [[somebody]] one should have taken charge of it.","[[[[Premise]]]]: I should think some one had taken charge of it."">>>>[[[[Hypothesis]]]]: [[No]] one should have taken charge of it.",1.75,1.3333333333333333,1.0,3.25
pso,mnli,378,0,2,0.823249047,0.892278274,0.9650347,0.89771485,1.027813465,0.93979293,1.729872779,0.9223634,0.394047173,0.455629006,0.845252404,0.927884615,0.929086538,0.798875737,0.193015322,,"[[[[Premise]]]]: Cruises are available from the Bhansi Ghat, which is near the CityPalace.>>>>[[[[Hypothesis]]]]: You can [[borrow]] [[sails]] from Phoenix Arizona.","[[[[Premise]]]]: Cruises are available from the Bhansi Ghat, which is near the CityPalace.>>>>[[[[Hypothesis]]]]: You can [[take]] [[cruises]] from Phoenix Arizona.",4.0,3.25,2.0,4.0
pso,mnli,309,2,0,0.851893262,0.918153784,0.949459,0.9546882,0.75483325,0.96789,1.220266784,0.96413606,0.267820599,0.459935897,0.844851763,0.913461538,0.923477564,0.877805412,0.224337781,,[[[[Premise]]]]: and uh the whole organization was targeting to replace whole life policies with a term life with annuity an annuity and uh>>>>[[[[Hypothesis]]]]: [[Exhaustive]] [[livelihood]] policies with a [[semester]] life with annuity could be replaced by the whole organization with something more complicated.,[[[[Premise]]]]: and uh the whole organization was targeting to replace whole life policies with a term life with annuity an annuity and uh>>>>[[[[Hypothesis]]]]: [[Whole]] [[life]] policies with a [[term]] life with annuity could be replaced by the whole organization with something more complicated.,1.75,3.0,1.0,3.0
bae,mnli,165,1,0,0.927898272,0.970480203,0.98512334,0.99508387,0.219019414,0.9794042,0.888794216,0.95657384,0.294707024,0.459535256,0.844951923,0.940705128,0.938701923,0.864645374,0.270321544,,"[[[[Premise]]]]: If the collecting entity transfers the nonexchange revenue to the [[state]] Fund or another entity, the amount is accounted for as a custodial activity by the collecting entity.>>>>[[[[Hypothesis]]]]: The General Fund handles nonexchange revenue.","[[[[Premise]]]]: If the collecting entity transfers the nonexchange revenue to the [[General]] Fund or another entity, the amount is accounted for as a custodial activity by the collecting entity.>>>>[[[[Hypothesis]]]]: The General Fund handles nonexchange revenue.",2.5,2.75,2.0,1.75
pso,mnli,206,2,0,0.753506454,0.863584813,0.896011,0.931337,0.965025614,0.9582991,1.331484722,0.92796016,0.379578163,0.460036058,0.845653045,0.882211538,0.881810897,0.772059509,0.119963378,,"[[[[Premise]]]]: The unintended side effect is radical, direct  In what other state do voters set the tax rates?>>>>[[[[Hypothesis]]]]: There is a [[composite]] [[flock]] effect that was not [[projected]], [[lectured]] the teacher.","[[[[Premise]]]]: The unintended side effect is radical, direct  In what other state do voters set the tax rates?>>>>[[[[Hypothesis]]]]: There is a [[radical]] [[side]] effect that was not [[intended]], [[said]] the teacher.",1.25,2.75,2.0,2.6666666666666665
checklist,mnli,383,1,0,0.957414466,0.981270519,0.9814715,0.998325,0.158865802,0.99536693,0.413284075,0.9756385,0.220732753,0.457732372,0.841446314,0.961538462,0.960336538,0.878878558,0.229001766,,"[[[[Premise]]]]: To help identify solutions to this problem, Senators Fred Thompson and John Glenn, Chairman and Ranking Minority Member, respectively, of the Senate Committee on Governmental Affairs, requested that we study organizations with superior security programs to identify management practices that could benefit federal agencies.>>>>[[[[Hypothesis]]]]: Senators Fred [[Steinman]] requested the study to benefit federal agencies.","[[[[Premise]]]]: To help identify solutions to this problem, Senators Fred Thompson and John Glenn, Chairman and Ranking Minority Member, respectively, of the Senate Committee on Governmental Affairs, requested that we study organizations with superior security programs to identify management practices that could benefit federal agencies.>>>>[[[[Hypothesis]]]]: Senators Fred [[Thompson]] requested the study to benefit federal agencies.",3.0,3.75,1.0,3.0
pso,mnli,347,2,0,0.884151043,0.937170782,0.969386,0.95122886,0.881610625,0.93899906,1.581668066,0.91926116,0.40184285,0.456830929,0.845653045,0.951522436,0.942307692,0.818267894,0.257422245,,"[[[[Premise]]]]: A chancy road winding up to the 475-metre (1,560-foot) summit is likely to test the engine and suspension of your car, as well as your own persistence.>>>>[[[[Hypothesis]]]]: [[Hikers]] often [[collect]] into [[ruins]] trying to reach the summit because their cars weren't able to make it to the top.","[[[[Premise]]]]: A chancy road winding up to the 475-metre (1,560-foot) summit is likely to test the engine and suspension of your car, as well as your own persistence.>>>>[[[[Hypothesis]]]]: [[Tourists]] often [[get]] into [[accidents]] trying to reach the summit because their cars weren't able to make it to the top.",2.6666666666666665,2.0,1.0,2.75
pso,mnli,0,2,0,0.759099481,0.888020833,0.90961653,0.883856,1.092632127,0.9234205,2.150721598,0.79946434,0.633301852,0.460737179,0.84385016,0.915464744,0.921474359,0.758411974,0.174506211,,[[[[Premise]]]]: Anwar el-Sadat succeeded Nasser in 1970.>>>>[[[[Hypothesis]]]]: A neighboring [[duchy]] was the main influence in the switch of [[hydro]].,[[[[Premise]]]]: Anwar el-Sadat succeeded Nasser in 1970.>>>>[[[[Hypothesis]]]]: A neighboring [[country]] was the main influence in the switch of [[power]].,4.0,2.25,2.0,4.0
bae,mnli,208,1,0,0.894225554,0.951904762,0.9752158,0.99707013,0.205904399,0.9350696,2.314719617,0.9597749,0.28363767,0.458533654,0.843950321,0.892628205,0.889022436,0.919841385,0.329590788,,"[[[[Premise]]]]: Just as in ancient times, without the River Nile, [[arabia]] could not exist.>>>>[[[[Hypothesis]]]]: Without the Nile river, Egypt could not exist.","[[[[Premise]]]]: Just as in ancient times, without the River Nile, [[Egypt]] could not exist.>>>>[[[[Hypothesis]]]]: Without the Nile river, Egypt could not exist.",3.0,4.0,1.0,3.3333333333333335
pso,mnli,46,2,1,0.931610376,0.968619927,0.9751555,0.9791347,0.490154975,0.99762684,0.422906618,0.99229866,0.12410762,0.463141026,0.844951923,0.95713141,0.963141026,0.910686576,0.157322441,,[[[[Premise]]]]: i think Buffalo is an up an coming team they're going to they're showing some real promise for the next uh few years>>>>[[[[Hypothesis]]]]: The team had some good results in [[eventual]] seasons.,[[[[Premise]]]]: i think Buffalo is an up an coming team they're going to they're showing some real promise for the next uh few years>>>>[[[[Hypothesis]]]]: The team had some good results in [[last]] seasons.,1.75,2.3333333333333335,1.0,4.25
bae,mnli,264,2,0,0.956675889,0.981270519,0.98885155,0.9975772,0.21838273,0.9984882,0.269463201,0.9980354,0.062684563,0.465444712,0.843549679,0.965945513,0.962339744,0.957703996,0.21140035,,"[[[[Premise]]]]: For a half millennium or more, Madrid idled as a provincial backwater, rarely noticed on the arid central plains of Castile, until Felipe II plucked it from his royal cap in 1561 and proclaimed it the capital of Spain.>>>>[[[[Hypothesis]]]]: [[in]] Madrid became the capital of Spain, there were massive economic advantages for the region.","[[[[Premise]]]]: For a half millennium or more, Madrid idled as a provincial backwater, rarely noticed on the arid central plains of Castile, until Felipe II plucked it from his royal cap in 1561 and proclaimed it the capital of Spain.>>>>[[[[Hypothesis]]]]: [[After]] Madrid became the capital of Spain, there were massive economic advantages for the region.",3.0,4.5,2.0,3.3333333333333335
alzantot,mnli,142,0,2,0.938552231,0.97360732,0.98566353,0.9918147,0.33956911,0.9973243,0.321785031,0.9711759,0.240100168,0.459535256,0.842047276,0.946714744,0.950320513,0.909718925,0.176137898,,"[[[[Premise]]]]: For instance, one state government CIO attributed his success to his breadth of experience across a variety of financial, retail, and IT units, which facilitates his ability to>>>>[[[[Hypothesis]]]]: There was not a [[sole]] state where it was successful.","[[[[Premise]]]]: For instance, one state government CIO attributed his success to his breadth of experience across a variety of financial, retail, and IT units, which facilitates his ability to>>>>[[[[Hypothesis]]]]: There was not a [[single]] state where it was successful.",2.5,4.5,0.0,3.5
pso,mnli,110,2,0,0.90251398,0.961292308,0.97789645,0.9509547,0.796595431,0.9902557,0.735768892,0.9503793,0.315026374,0.455028045,0.822015224,0.87900641,0.873397436,0.899923956,0.361688984,,[[[[Premise]]]]: LASNNY is one of the oldest and most cost-effective legal services organizations in the United States.>>>>[[[[Hypothesis]]]]: LASNNY is an [[obsolete]] legal services organization in Los Angeles.,[[[[Premise]]]]: LASNNY is one of the oldest and most cost-effective legal services organizations in the United States.>>>>[[[[Hypothesis]]]]: LASNNY is an [[old]] legal services organization in Los Angeles.,4.0,1.0,0.0,4.333333333333333
pso,mnli,269,1,0,0.938552231,0.973069086,0.98655653,0.9827624,0.509349122,0.96895826,1.220059309,0.97902024,0.204840348,0.460737179,0.843549679,0.973958333,0.973557692,0.872166395,0.184622831,,"[[[[Premise]]]]: 36 million could mean the state's legal services for the poor will lose six of their 21 regional offices, the head of a poverty-law resource center said.>>>>[[[[Hypothesis]]]]: The state's [[forensic]] services department could lose a lot of funding.","[[[[Premise]]]]: 36 million could mean the state's legal services for the poor will lose six of their 21 regional offices, the head of a poverty-law resource center said.>>>>[[[[Hypothesis]]]]: The state's [[legal]] services department could lose a lot of funding.",2.6666666666666665,2.6666666666666665,2.0,2.75
pso,mnli,362,1,0,0.974344605,0.985072914,0.9880341,0.99399275,0.340856991,0.9869926,0.714412333,0.96279985,0.272764464,0.45703125,0.844551282,0.960336538,0.949519231,0.822113997,0.215906876,,[[[[Premise]]]]: but uh that has been the major change that we have noticed in gardening and that's about the extent of what we've done just a little bit on the patio and uh and waiting for the the rain to subside so we can  mow we after about a month we finally got to mow this weekend>>>>[[[[Hypothesis]]]]: We have not done much gardening yet because of the [[snowbank]].,[[[[Premise]]]]: but uh that has been the major change that we have noticed in gardening and that's about the extent of what we've done just a little bit on the patio and uh and waiting for the the rain to subside so we can  mow we after about a month we finally got to mow this weekend>>>>[[[[Hypothesis]]]]: We have not done much gardening yet because of the [[rain]].,1.75,2.0,2.0,2.6666666666666665
bae,mnli,38,0,1,0.93790428,0.962935569,0.97619563,0.8808286,1.189801581,0.89868367,2.286065757,0.7543325,0.700953004,0.462640224,0.840544872,0.87099359,0.863782051,0.587792832,0.255305129,,"[[[[Premise]]]]: Four or five from the town rode past, routed by their diminished numbers and the fury of the Kal and Thorn.>>>>[[[[Hypothesis]]]]: Kal and Thorn were very [[frightened]].","[[[[Premise]]]]: Four or five from the town rode past, routed by their diminished numbers and the fury of the Kal and Thorn.>>>>[[[[Hypothesis]]]]: Kal and Thorn were very [[relaxed]].",3.5,2.0,0.0,3.0
alzantot,mnli,148,2,1,0.80032032,0.920940171,0.96019095,0.95037466,0.675511524,0.9765061,1.26903292,0.97458845,0.225439855,0.455428686,0.844451122,0.945512821,0.947916667,0.941233796,0.189706613,,[[[[Premise]]]]: that would be good what'd you say>>>>[[[[Hypothesis]]]]: [[Written]] down what you would say.,[[[[Premise]]]]: that would be good what'd you say>>>>[[[[Hypothesis]]]]: [[Write]] down what you would say.,2.5,2.5,1.0,2.6666666666666665
alzantot,mnli,163,1,2,0.707106781,0.881944444,0.9067809,0.86802346,1.041803746,0.7824532,3.949972951,0.77240837,0.674672887,0.455228365,0.839342949,0.913060897,0.922275641,0.728605789,0.196568962,,[[[[Premise]]]]: Number of [[certificate]]>>>>[[[[Hypothesis]]]]: There are a number of testimonials. ,[[[[Premise]]]]: Number of [[testimonies]]>>>>[[[[Hypothesis]]]]: There are a number of testimonials. ,1.3333333333333333,1.75,2.0,3.5
bae,mnli,360,0,2,0.921058932,0.949445983,0.94966424,0.98628366,0.358199397,0.95336205,1.699750697,0.9614738,0.277583355,0.455729167,0.842247596,0.903445513,0.90224359,0.687908775,0.257335196,,[[[[Premise]]]]: The [[body]] had been found in a drawer in the prisoner's room. >>>>[[[[Hypothesis]]]]: They found the strychnine under the prisoner's bed. ,[[[[Premise]]]]: The [[strychnine]] had been found in a drawer in the prisoner's room. >>>>[[[[Hypothesis]]]]: They found the strychnine under the prisoner's bed. ,4.666666666666667,2.5,2.0,4.0
pso,mnli,147,0,2,0.821379734,0.922222222,0.9443483,0.93828654,0.89056073,0.92469406,1.995480603,0.9264071,0.383648103,0.463241186,0.844851763,0.940304487,0.943910256,0.843862367,0.186936078,,[[[[Premise]]]]: Small towns like Louisian lay scattered all over the Oil Fields; the main train line branched between them.>>>>[[[[Hypothesis]]]]: There was only one [[distributor]] in the [[petroleum]] [[lines]].,[[[[Premise]]]]: Small towns like Louisian lay scattered all over the Oil Fields; the main train line branched between them.>>>>[[[[Hypothesis]]]]: There was only one [[town]] in the [[oil]] [[fields]].,3.75,2.6666666666666665,2.0,3.3333333333333335
bae,mnli,338,1,0,0.938552231,0.97360732,0.9922559,0.99139863,0.37748419,0.98700744,0.868212501,0.9800172,0.199914334,0.468449519,0.838241186,0.939503205,0.934294872,0.905177361,0.234095974,,"[[[[Premise]]]]: Next, you enter the vast and splendid Imperial Hall, with [[13]] handsome marble fountains, and a canopied throne from which the sultan would enjoy the music and dancing of his concubines.>>>>[[[[Hypothesis]]]]: The Imperial Hall houses three marble fountains.  ","[[[[Premise]]]]: Next, you enter the vast and splendid Imperial Hall, with [[three]] handsome marble fountains, and a canopied throne from which the sultan would enjoy the music and dancing of his concubines.>>>>[[[[Hypothesis]]]]: The Imperial Hall houses three marble fountains.  ",2.6666666666666665,3.0,0.0,4.5
checklist,mnli,234,2,0,0.701687939,0.864795918,0.90272415,0.9884209,0.322782509,0.80893075,4.333553412,0.8639251,0.521679803,0.467648237,0.840645032,0.945512821,0.942708333,0.744041291,0.121160498,,"[[[[Premise]]]]: Good sir, [[Macie]] began.>>>>[[[[Hypothesis]]]]: Jon addressed the king.","[[[[Premise]]]]: Good sir, [[Jon]] began.>>>>[[[[Hypothesis]]]]: Jon addressed the king.",2.3333333333333335,1.25,2.0,3.6666666666666665
bae,mnli,320,0,1,0.815355104,0.926880811,0.9422687,0.9569311,0.663190725,0.79124373,3.353484374,0.8457914,0.55535327,0.463241186,0.835436699,0.904647436,0.901041667,0.801748353,0.349515931,,[[[[Premise]]]]: Do you think I should be [[brave]]?>>>>[[[[Hypothesis]]]]: Do you think I should be confident?,[[[[Premise]]]]: Do you think I should be [[concerned]]?>>>>[[[[Hypothesis]]]]: Do you think I should be confident?,4.5,3.0,1.0,3.6666666666666665
bae,mnli,18,2,0,0.894225554,0.951904762,0.9827261,0.9660819,0.594952866,0.98586315,0.763655015,0.9885754,0.151159846,0.46474359,0.844350962,0.959935897,0.958333333,0.908595729,0.223084326,,[[[[Premise]]]]: All these sites will automatically lead into George Dubbawya's Web site (www.georgewbush.com).>>>>[[[[Hypothesis]]]]: These sites are all [[based]] around George W. Bush.,[[[[Premise]]]]: All these sites will automatically lead into George Dubbawya's Web site (www.georgewbush.com).>>>>[[[[Hypothesis]]]]: These sites are all [[themed]] around George W. Bush.,3.5,5.0,2.0,2.6666666666666665
pso,mnli,329,1,2,0.81712977,0.894008377,0.8828604,0.9030435,1.049447827,0.9523826,1.665292635,0.8950252,0.458202699,0.461237981,0.841846955,0.854166667,0.861378205,0.81489979,0.195155581,,"[[[[Premise]]]]: What's truly striking, though, is that Jobs has never really let this idea go.>>>>[[[[Hypothesis]]]]: Jobs [[echos]] to an [[advocacy]].","[[[[Premise]]]]: What's truly striking, though, is that Jobs has never really let this idea go.>>>>[[[[Hypothesis]]]]: Jobs [[clung]] to an [[idea]].",2.6666666666666665,1.5,1.0,2.3333333333333335
pso,mnli,368,1,0,0.921050021,0.967709417,0.9753246,0.9834602,0.48980819,0.9544768,1.691742252,0.9422638,0.339812638,0.460136218,0.84385016,0.946714744,0.94150641,0.794723707,0.249154751,,[[[[Premise]]]]: He pulled his cloak tighter and wished for a moment that he had not shaved his head.>>>>[[[[Hypothesis]]]]: The man  wrapped himself tightly in his [[underwear]] and was distressed about not having hair. ,[[[[Premise]]]]: He pulled his cloak tighter and wished for a moment that he had not shaved his head.>>>>[[[[Hypothesis]]]]: The man  wrapped himself tightly in his [[cloak]] and was distressed about not having hair. ,2.6666666666666665,2.0,2.0,3.6666666666666665
bae,mnli,1,0,1,0.878741909,0.949445983,0.9766857,0.9634465,0.608915211,0.96166664,1.592362622,0.9700769,0.244635004,0.460436699,0.84364984,0.911858974,0.905849359,0.904186046,0.334740694,,"[[[[Premise]]]]: In fact, the Lions of Delos were made from Naxos [[clay]].>>>>[[[[Hypothesis]]]]: The Lions of Delos were made out of clay.","[[[[Premise]]]]: In fact, the Lions of Delos were made from Naxos [[marble]].>>>>[[[[Hypothesis]]]]: The Lions of Delos were made out of clay.",2.75,2.3333333333333335,1.0,4.666666666666667
alzantot,mnli,271,1,0,0.537284966,0.861341223,0.857855,0.88585854,1.005801263,0.7097134,4.150453426,0.87189996,0.506162168,0.460737179,0.845252404,0.917067308,0.919070513,0.830223012,0.218482405,,[[[[Premise]]]]: oh that might be kind of [[attractive]] is it>>>>[[[[Hypothesis]]]]: That sounds [[rather]] [[riveting]] to me.,[[[[Premise]]]]: oh that might be kind of [[interesting]] is it>>>>[[[[Hypothesis]]]]: That sounds [[kinda]] [[interesting]] to me.,2.0,3.6666666666666665,1.0,3.0
checklist,mnli,223,1,0,0.931838481,0.970480203,0.98981774,0.99000436,0.40085011,0.9949583,0.551513602,0.97962016,0.201890064,0.465244391,0.843549679,0.969551282,0.970753205,0.903677827,0.286106006,,"[[[[Premise]]]]: Deborah Pryce said Ohio Legal Services in Columbus will receive a $[[1]],000 federal grant toward an online legal self-help center.>>>>[[[[Hypothesis]]]]: A $200,000 federal grant will be received by Ohio Legal Services, said Deborah Pryce.","[[[[Premise]]]]: Deborah Pryce said Ohio Legal Services in Columbus will receive a $[[200]],000 federal grant toward an online legal self-help center.>>>>[[[[Hypothesis]]]]: A $200,000 federal grant will be received by Ohio Legal Services, said Deborah Pryce.",3.0,1.6666666666666667,0.0,3.0
bae,mnli,73,0,1,0.961365859,0.984110467,0.9884995,0.97370994,0.696122687,0.99669653,0.359740527,0.8800929,0.489708288,0.463241186,0.840444712,0.888621795,0.890224359,0.834010792,0.266816008,,"[[[[Premise]]]]: The story also made the front page of the New York Times and the Financial Times of London, which said that more than 10,000 members of a mystic cult called Fa Lun Gong caused acute embarrassment to security forces by virtually surrounding the compound where China's leaders work.>>>>[[[[Hypothesis]]]]: The New York Times [[tried]] to cover the Fa Lun Gong story in their papers.","[[[[Premise]]]]: The story also made the front page of the New York Times and the Financial Times of London, which said that more than 10,000 members of a mystic cult called Fa Lun Gong caused acute embarrassment to security forces by virtually surrounding the compound where China's leaders work.>>>>[[[[Hypothesis]]]]: The New York Times [[neglected]] to cover the Fa Lun Gong story in their papers.",3.6666666666666665,2.3333333333333335,1.0,3.3333333333333335
alzantot,mnli,343,2,1,0.929923845,0.967709417,0.9850117,0.99468124,0.269422286,0.9977511,0.311037365,0.9971171,0.075934111,0.462840545,0.843249199,0.979967949,0.978766026,0.979780567,0.292206187,,"[[[[Premise]]]]: A muckraking cover story investigates how the Pentagon disposes of surplus weapons (the short  badly).>>>>[[[[Hypothesis]]]]: An investigative journalism, [[coverage]] story, featuring a whistle blower investigates how the Pentagon disposes of surplus weapons.","[[[[Premise]]]]: A muckraking cover story investigates how the Pentagon disposes of surplus weapons (the short  badly).>>>>[[[[Hypothesis]]]]: An investigative journalism, [[cover]] story, featuring a whistle blower investigates how the Pentagon disposes of surplus weapons.",3.25,4.666666666666667,2.0,3.0
pso,mnli,107,1,0,0.943623473,0.969723978,0.9833084,0.9899805,0.41165222,0.97690654,1.04260189,0.98122907,0.193757918,0.459134615,0.845352564,0.94150641,0.939503205,0.919333577,0.211578697,,"[[[[Premise]]]]: But although the 60 Minutes producer is played by the star (Pacino grandstands, but not to the point of distraction), Bergman's story doesn't have the same primal force.>>>>[[[[Hypothesis]]]]: Pacino plays a 60 [[Notes]] producer.","[[[[Premise]]]]: But although the 60 Minutes producer is played by the star (Pacino grandstands, but not to the point of distraction), Bergman's story doesn't have the same primal force.>>>>[[[[Hypothesis]]]]: Pacino plays a 60 [[Minutes]] producer.",2.3333333333333335,3.0,0.0,2.6666666666666665
bae,mnli,381,1,0,0.807055727,0.85515873,0.93186986,0.8338139,1.235055617,0.7693909,4.762195283,0.86751306,0.514756175,0.460236378,0.841846955,0.903445513,0.908253205,0.786690849,0.223977512,,"[[[[Premise]]]]: Write, write, and write.>>>>[[[[Hypothesis]]]]: Keep on [[drinking]].","[[[[Premise]]]]: Write, write, and write.>>>>[[[[Hypothesis]]]]: Keep on [[writing]].",3.6666666666666665,2.0,2.0,3.6666666666666665
bae,mnli,350,2,1,0.875170426,0.940257353,0.96095973,0.99018735,0.426482768,0.97817636,1.001983969,0.97669405,0.215897757,0.465645032,0.844451122,0.947516026,0.946714744,0.874340224,0.211282511,,"[[[[Premise]]]]: Puri also has a beautiful beach, southwest of town, which is ideal for cooling off but those aren't [[ones]] the Indians are making, they're miniature temples, for this is the Swarga Dwara (Heaven's Gateway), where the faithful wash away their sins.>>>>[[[[Hypothesis]]]]: [[differently]] Indians than foreigners [[are]] to the beach at Puri.","[[[[Premise]]]]: Puri also has a beautiful beach, southwest of town, which is ideal for cooling off but those aren't [[sandcastles]] the Indians are making, they're miniature temples, for this is the Swarga Dwara (Heaven's Gateway), where the faithful wash away their sins.>>>>[[[[Hypothesis]]]]: [[More]] Indians than foreigners [[go]] to the beach at Puri.",2.25,2.0,1.0,2.6666666666666665
alzantot,mnli,345,0,2,0.825596477,0.949849258,0.9651996,0.9795365,0.534685371,0.9736065,1.020920192,0.97229826,0.235379602,0.463541667,0.843449519,0.923878205,0.916266026,0.931125706,0.210950952,,[[[[Premise]]]]: The data would be [[introduced]] as required supplementary stewardship information accompanying the consolidated financial statements of the Federal Government but not in individual reports of its component units.>>>>[[[[Hypothesis]]]]: The data [[could]] be included in [[person]] reports concerning the constituent units of the federal government.,[[[[Premise]]]]: The data would be [[presented]] as required supplementary stewardship information accompanying the consolidated financial statements of the Federal Government but not in individual reports of its component units.>>>>[[[[Hypothesis]]]]: The data [[would]] be included in [[individual]] reports concerning the constituent units of the federal government.,3.3333333333333335,3.3333333333333335,0.0,2.75
pso,mnli,373,2,0,0.934139813,0.957404781,0.96640885,0.95120203,0.905774188,0.8400725,2.228681194,0.88967556,0.469732825,0.457632212,0.845052083,0.933092949,0.934294872,0.694636291,0.171262902,,"[[[[Premise]]]]: Total electricity expenditures increase by about 15% to 30% depending on the year and the scenario (see Table 3, below, and the tables in Appendix 5.2 for more detail on the changing pattern of expenditures).>>>>[[[[Hypothesis]]]]: They wanted to make a case for how to [[husband]] on [[beam]]. ","[[[[Premise]]]]: Total electricity expenditures increase by about 15% to 30% depending on the year and the scenario (see Table 3, below, and the tables in Appendix 5.2 for more detail on the changing pattern of expenditures).>>>>[[[[Hypothesis]]]]: They wanted to make a case for how to [[save]] on [[electricity]]. ",2.3333333333333335,1.3333333333333333,2.0,3.25
pso,mnli,251,1,0,0.962925778,0.977772039,0.9939288,0.98586464,0.533665227,0.9962985,0.405666598,0.9816809,0.191410626,0.459334936,0.841947115,0.928285256,0.92588141,0.917560208,0.212481186,,"[[[[Premise]]]]: Earlier this week, the Pakistani paper Dawn ran an editorial about reports that Pakistani poppy growers are planning to recultivate opium on a bigger scale because they haven't received promised compensation for switching to other crops.>>>>[[[[Hypothesis]]]]: Pakistani poppy growers are going to grow more [[marijuana]].","[[[[Premise]]]]: Earlier this week, the Pakistani paper Dawn ran an editorial about reports that Pakistani poppy growers are planning to recultivate opium on a bigger scale because they haven't received promised compensation for switching to other crops.>>>>[[[[Hypothesis]]]]: Pakistani poppy growers are going to grow more [[opium]].",3.6666666666666665,2.0,0.0,4.666666666666667
bae,mnli,111,1,0,0.849232664,0.940257353,0.9915553,0.9803337,0.445220801,0.9634389,1.584845477,0.9392061,0.348694555,0.459735577,0.843549679,0.947516026,0.941907051,0.861492139,0.225775197,,[[[[Premise]]]]: He dismounted and Ca'daan saw he was [[larger]] than the rest.>>>>[[[[Hypothesis]]]]: He was shorter than the others.,[[[[Premise]]]]: He dismounted and Ca'daan saw he was [[smaller]] than the rest.>>>>[[[[Hypothesis]]]]: He was shorter than the others.,2.25,1.3333333333333333,0.0,5.0
pso,mnli,21,1,2,0.897954214,0.941061581,0.95453423,0.94524646,0.781058062,0.91713953,2.308392518,0.93537486,0.35951397,0.469050481,0.845052083,0.961137821,0.957932692,0.824578929,0.239350262,,[[[[Premise]]]]: Others watched them with cold eyes and expressionless faces.>>>>[[[[Hypothesis]]]]: Some people who were not emotive were [[protecting]].,[[[[Premise]]]]: Others watched them with cold eyes and expressionless faces.>>>>[[[[Hypothesis]]]]: Some people who were not emotive were [[watching]].,3.0,1.3333333333333333,2.0,3.6666666666666665
bae,mnli,382,0,1,0.769160567,0.793367347,0.9025931,0.95166487,0.723080848,0.88212395,2.879102078,0.82853997,0.58559385,0.455228365,0.845452724,0.919471154,0.919070513,0.483452001,0.204263543,,"[[[[Premise]]]]: I shan't stop you."">>>>[[[[Hypothesis]]]]: I will [[believe]] you.","[[[[Premise]]]]: I shan't stop you."">>>>[[[[Hypothesis]]]]: I will [[stop]] you.",3.5,1.0,2.0,3.6666666666666665
alzantot,mnli,274,0,2,0.816714808,0.897142204,0.9380334,0.92391443,1.000895124,0.86997926,2.79236698,0.9559693,0.29675165,0.457532051,0.844951923,0.940304487,0.932692308,0.844450706,0.193259152,,"[[[[Premise]]]]: The [[soleil]], [[drilling]] through the branches, turned the auburn of her hair to quivering gold. >>>>[[[[Hypothesis]]]]: When the sunlight pierced through the branches, her hair [[transformed]] a darker shade of red.","[[[[Premise]]]]: The [[sunlight]], [[piercing]] through the branches, turned the auburn of her hair to quivering gold. >>>>[[[[Hypothesis]]]]: When the sunlight pierced through the branches, her hair [[turned]] a darker shade of red.",3.3333333333333335,4.0,0.0,2.5
bae,mnli,318,0,2,0.9110668,0.953301606,0.9663342,0.96081054,0.677063053,0.9337008,1.607821179,0.8618556,0.525631801,0.458533654,0.842748397,0.947916667,0.941105769,0.752456716,0.19994232,,"[[[[Premise]]]]: We [[get]] to look at the implications that these differing roles have for a range of issues, such as SES core competencies, performance standards, recruitment sources, mobility, and training and development programs.>>>>[[[[Hypothesis]]]]: We can completely [[consider]] the implications of the roles on mobility.","[[[[Premise]]]]: We [[need]] to look at the implications that these differing roles have for a range of issues, such as SES core competencies, performance standards, recruitment sources, mobility, and training and development programs.>>>>[[[[Hypothesis]]]]: We can completely [[ignore]] the implications of the roles on mobility.",3.25,1.3333333333333333,1.0,4.0
pso,mnli,264,2,0,0.956675889,0.981455111,0.9879523,0.97922605,0.641671687,0.99698,0.378673002,0.9749097,0.224010666,0.466446314,0.844451122,0.975560897,0.975160256,0.88540113,0.23282873,,"[[[[Premise]]]]: For a half millennium or more, Madrid idled as a provincial backwater, rarely noticed on the arid central plains of Castile, until Felipe II plucked it from his royal cap in 1561 and proclaimed it the capital of Spain.>>>>[[[[Hypothesis]]]]: After Madrid became the capital of Spain, there were [[exuberant]] economic advantages for the region.","[[[[Premise]]]]: For a half millennium or more, Madrid idled as a provincial backwater, rarely noticed on the arid central plains of Castile, until Felipe II plucked it from his royal cap in 1561 and proclaimed it the capital of Spain.>>>>[[[[Hypothesis]]]]: After Madrid became the capital of Spain, there were [[massive]] economic advantages for the region.",4.0,4.333333333333333,2.0,2.6666666666666665
alzantot,mnli,251,1,2,0.94645944,0.977410468,0.99453706,0.9980515,0.197198337,0.95086074,1.426195922,0.9899417,0.141833661,0.457231571,0.842247596,0.940705128,0.941105769,0.883556563,0.214925505,,"[[[[Premise]]]]: Earlier this week, the Pakistani paper Dawn ran an editorial about reports that Pakistani poppy growers are planning to recultivate [[poppy]] on a bigger scale because they haven't received promised compensation for switching to other crops.>>>>[[[[Hypothesis]]]]: Pakistani poppy growers are going to grow more opium.","[[[[Premise]]]]: Earlier this week, the Pakistani paper Dawn ran an editorial about reports that Pakistani poppy growers are planning to recultivate [[opium]] on a bigger scale because they haven't received promised compensation for switching to other crops.>>>>[[[[Hypothesis]]]]: Pakistani poppy growers are going to grow more opium.",3.6666666666666665,2.3333333333333335,1.0,4.333333333333333
alzantot,mnli,46,2,1,0.774251253,0.93703125,0.94668037,0.9659338,0.624286746,0.97503865,1.375184222,0.98869395,0.150372996,0.464443109,0.843048878,0.952724359,0.957532051,0.949493605,0.126715365,,[[[[Premise]]]]: i think Buffalo is an up an coming team they're going to they're showing some real [[promising]] for the next [[hmm]] few years>>>>[[[[Hypothesis]]]]: The team had some good results in [[latest]] seasons.,[[[[Premise]]]]: i think Buffalo is an up an coming team they're going to they're showing some real [[promise]] for the next [[uh]] few years>>>>[[[[Hypothesis]]]]: The team had some good results in [[last]] seasons.,2.5,4.0,2.0,3.0
checklist,mnli,191,1,0,0.78254229,0.85515873,0.8962138,0.98657435,0.395623575,0.8985524,3.899716047,0.8195869,0.600688155,0.460536859,0.817508013,0.91025641,0.907051282,0.712637144,0.148129669,,"[[[[Premise]]]]: Or Sherlock Holmes?"">>>>[[[[Hypothesis]]]]: Was it Sherlock [[Grabowski]]?","[[[[Premise]]]]: Or Sherlock Holmes?"">>>>[[[[Hypothesis]]]]: Was it Sherlock [[Holmes]]?",3.0,2.6666666666666665,0.0,4.0
bae,mnli,79,0,2,0.645565161,0.83932977,0.91046184,0.86792874,1.256334295,0.88644415,2.909282718,0.7691336,0.679509204,0.453525641,0.84364984,0.884214744,0.87900641,0.680551104,0.098367078,,[[[[Premise]]]]: 5 are [[well]] correlated during summer months in some [[units]].>>>>[[[[Hypothesis]]]]: [[c]] is correlated to the summer in all areas.  ,[[[[Premise]]]]: 5 are [[highly]] correlated during summer months in some [[areas]].>>>>[[[[Hypothesis]]]]: [[Nothing]] is correlated to the summer in all areas.  ,3.25,1.6666666666666667,2.0,3.0
alzantot,mnli,177,1,0,0.849232664,0.940257353,0.92642033,0.8601375,1.14095699,0.8954796,2.593540992,0.88548255,0.47857593,0.467447917,0.843048878,0.900641026,0.905048077,0.655075848,0.278966292,,[[[[Premise]]]]: It was going to be a hot day. >>>>[[[[Hypothesis]]]]: It was going to get very [[lukewarm]] that day.,[[[[Premise]]]]: It was going to be a hot day. >>>>[[[[Hypothesis]]]]: It was going to get very [[warm]] that day.,3.0,3.0,0.0,3.6666666666666665
bae,mnli,229,1,2,0.861766013,0.933163265,0.961255,0.9481824,0.872397638,0.89746094,2.537372519,0.9023613,0.441902066,0.465745192,0.845352564,0.944310897,0.944711538,0.798752546,0.219341248,,"[[[[Premise]]]]: Rather, kids today are not only little bundles of joy but also are perhaps the ultimate symbols of worldly success and [[joy]].>>>>[[[[Hypothesis]]]]: [[women]] today are symbols of success and status.","[[[[Premise]]]]: Rather, kids today are not only little bundles of joy but also are perhaps the ultimate symbols of worldly success and [[status]].>>>>[[[[Hypothesis]]]]: [[Children]] today are symbols of success and status.",4.0,1.6666666666666667,2.0,3.25
pso,mnli,163,1,0,0.658037006,0.865451389,0.894068,0.7878749,1.340103287,0.96508,1.589477368,0.8017912,0.629617105,0.463040865,0.843149038,0.886217949,0.890625,0.740962553,0.219580557,,[[[[Premise]]]]: Number of testimonies>>>>[[[[Hypothesis]]]]: There are a [[scanty]] of testimonials. ,[[[[Premise]]]]: Number of testimonies>>>>[[[[Hypothesis]]]]: There are a [[number]] of testimonials. ,1.25,1.0,2.0,3.6666666666666665
alzantot,mnli,232,0,2,0.749741359,0.920762621,0.8982977,0.9434258,0.991926642,0.8089065,2.774954877,0.88681084,0.475792426,0.461237981,0.845152244,0.916266026,0.922275641,0.791184896,0.131701464,,[[[[Premise]]]]: if it had [[liked]] any more in the last two weeks instead of planting Saint Augustine grass in the front yard i [[reckon]] i would have plowed [[everthing]] under and had a rice field>>>>[[[[Hypothesis]]]]: It's beed super [[drier]].,[[[[Premise]]]]: if it had [[rained]] any more in the last two weeks instead of planting Saint Augustine grass in the front yard i [[think]] i would have plowed [[everything]] under and had a rice field>>>>[[[[Hypothesis]]]]: It's beed super [[dry]].,1.0,1.6666666666666667,0.0,2.5
checklist,mnli,200,2,0,0.863570768,0.934256454,0.9417855,0.9731847,0.700318141,0.96081007,1.468070615,0.9196559,0.400859363,0.469250801,0.842047276,0.920272436,0.910657051,0.798086584,0.220577982,,"[[[[Premise]]]]: In 1998, Cesar Chavez fasted for 36 days in California to underscore the dangers of pesticides to farm workers and their children.>>>>[[[[Hypothesis]]]]: [[Gena]] [[Ferrari]] fast brought media attention to the problem.","[[[[Premise]]]]: In 1998, Cesar Chavez fasted for 36 days in California to underscore the dangers of pesticides to farm workers and their children.>>>>[[[[Hypothesis]]]]: [[Cesar]] [[Chavez's]] fast brought media attention to the problem.",3.3333333333333335,1.5,1.0,4.0
bae,mnli,210,1,2,0.709421401,0.943675509,0.9574423,0.956234,0.627226818,0.86735207,3.145420528,0.9579387,0.290039046,0.458333333,0.841646635,0.966746795,0.96474359,0.874676299,0.204872794,,[[[[Premise]]]]: okay what [[method]] of music do you like to listen to>>>>[[[[Hypothesis]]]]: what [[kinds]] of music do you like?,[[[[Premise]]]]: okay what [[types]] of music do you like to listen to>>>>[[[[Hypothesis]]]]: what [[kind]] of music do you like?,3.0,3.75,1.0,3.0
pso,mnli,387,0,1,0.893412067,0.975320361,0.9660852,0.9813191,0.580748099,0.9697149,1.174471129,0.94937885,0.318185966,0.458133013,0.844751603,0.969951923,0.966346154,0.880756372,0.191251592,,[[[[Premise]]]]: The Wall Street Journal Business Bulletin has a fact that dramatizes how profoundly well-off this country is--Americans throw out approximately 12 percent of the stuff they buy at the supermarket.>>>>[[[[Hypothesis]]]]: Americans just [[hold]] away 12 percent of what they buy at [[vapour]] stations.,[[[[Premise]]]]: The Wall Street Journal Business Bulletin has a fact that dramatizes how profoundly well-off this country is--Americans throw out approximately 12 percent of the stuff they buy at the supermarket.>>>>[[[[Hypothesis]]]]: Americans just [[throw]] away 12 percent of what they buy at [[gas]] stations.,2.25,2.3333333333333335,1.0,3.25
alzantot,mnli,214,0,2,0.733202342,0.87107438,0.9302191,0.9367011,0.862362458,0.9265304,1.971356453,0.9368558,0.355370863,0.461838942,0.844751603,0.944711538,0.9375,0.892065454,0.124658468,,[[[[Premise]]]]: and for [[usual]] readers who are a bit confused about our schedule (and who can blame them?)>>>>[[[[Hypothesis]]]]: who can [[guilt]] who greatly [[cherishes]] our schedule?,[[[[Premise]]]]: and for [[regular]] readers who are a bit confused about our schedule (and who can blame them?)>>>>[[[[Hypothesis]]]]: who can [[blame]] who greatly [[appreciates]] our schedule?,2.0,2.0,2.0,2.0
pso,mnli,311,1,2,0.931838481,0.971496599,0.97435224,0.9395162,0.778258722,0.9785738,0.863848843,0.90068346,0.44568288,0.454527244,0.84375,0.953525641,0.949919872,0.746428019,0.345648435,,[[[[Premise]]]]: The Commission's analysis uses both quantifiable and general descriptions of the effects of the rule on small entities.>>>>[[[[Hypothesis]]]]: The analysis done by the Commission uses quantifiable and general descriptions of how the [[courtroom]] affects small entities.,[[[[Premise]]]]: The Commission's analysis uses both quantifiable and general descriptions of the effects of the rule on small entities.>>>>[[[[Hypothesis]]]]: The analysis done by the Commission uses quantifiable and general descriptions of how the [[rule]] affects small entities.,3.0,3.75,1.0,2.0
alzantot,mnli,187,2,0,0.776545356,0.899382716,0.8992126,0.87182045,1.226483888,0.90813524,2.167478623,0.8523437,0.54342683,0.461338141,0.843349359,0.897035256,0.903445513,0.746585974,0.228037106,,"[[[[Premise]]]]: As [[nigger]] as it is, Heathers has the same theme as the Ringwald/Cusack movies.>>>>[[[[Hypothesis]]]]: Heathers was a [[wondrous]] dark [[parody]] ","[[[[Premise]]]]: As [[black]] as it is, Heathers has the same theme as the Ringwald/Cusack movies.>>>>[[[[Hypothesis]]]]: Heathers was a [[wonderful]] dark [[comedy]] ",2.6666666666666665,3.6666666666666665,2.0,2.0
pso,mnli,195,0,2,0.80032032,0.920940171,0.9080105,0.9653656,0.69264987,0.92174566,2.462176953,0.84163165,0.562793597,0.462740385,0.844050481,0.931490385,0.938701923,0.823741138,0.183763653,,[[[[Premise]]]]: I nodded again.>>>>[[[[Hypothesis]]]]: I did not have any [[backlash]] to what was said.,[[[[Premise]]]]: I nodded again.>>>>[[[[Hypothesis]]]]: I did not have any [[reaction]] to what was said.,3.3333333333333335,2.5,1.0,3.0
pso,mnli,394,2,0,0.726540782,0.88335458,0.8932326,0.87573475,1.167381722,0.9331808,2.046249648,0.9264958,0.383416927,0.459435096,0.845552885,0.923076923,0.930689103,0.838864881,0.172249265,,[[[[Premise]]]]: Interesting Conflict Over Conflict of Interest>>>>[[[[Hypothesis]]]]: There is a [[exuberant]] conflict of [[supremacy]] between the president and his nominee.,[[[[Premise]]]]: Interesting Conflict Over Conflict of Interest>>>>[[[[Hypothesis]]]]: There is a [[huge]] conflict of [[interest]] between the president and his nominee.,2.6666666666666665,3.3333333333333335,2.0,3.6666666666666665
