attack_method,dataset,number,ground_truth,software_output,BLEU,Meteor,BERTScore,InferSent,InferSent_dis,SBERT,SBERT_dis,SimCSE,SimCSE_dis,NC,NBC,TKNC,BKNC,SemEval,SynEval,,adv_text,ori_text,consistency,fluency,label,difficulty
bae,snli,213,1,0,0.889526036,0.956162415,0.9760479,0.98790836,0.36455178,0.9783993,1.434733005,0.98998725,0.141511889,0.456830929,0.843149038,0.942307692,0.945512821,0.868392491,0.158107008,,[[[[Premise]]]]: The brown dog has a hold of the other dogs cheek with its [[head]].>>>>[[[[Hypothesis]]]]: The dog grabbed the other dog with his teeth.,[[[[Premise]]]]: The brown dog has a hold of the other dogs cheek with its [[teeth]].>>>>[[[[Hypothesis]]]]: The dog grabbed the other dog with his teeth.,2.3333333333333335,1.3333333333333333,1.0,2.0
bae,snli,95,0,2,0.935133484,0.928360101,0.91026735,0.86620915,1.132779214,0.9209287,2.604173653,0.94054735,0.344826501,0.459835737,0.840144231,0.843349359,0.815705128,0.845275873,0.178714648,,"[[[[Premise]]]]: A family, daughter in the middle, walks down the street.>>>>[[[[Hypothesis]]]]: the family is [[something]]","[[[[Premise]]]]: A family, daughter in the middle, walks down the street.>>>>[[[[Hypothesis]]]]: the family is [[seated]]",1.0,1.5,2.0,3.75
alzantot,snli,318,1,0,0.777811122,0.855070153,0.8573382,0.9533896,0.583816949,0.9543296,2.398652969,0.92110336,0.397232062,0.463241186,0.845252404,0.885416667,0.885016026,0.764648718,0.188845123,,[[[[Premise]]]]: A man is carrying a child on his shoulders.>>>>[[[[Hypothesis]]]]: [[une]] [[enfants]] is on a mans shoulders.,[[[[Premise]]]]: A man is carrying a child on his shoulders.>>>>[[[[Hypothesis]]]]: [[A]] [[child]] is on a mans shoulders.,4.0,2.3333333333333335,1.0,1.6666666666666667
alzantot,snli,374,1,0,0.927607703,0.956476824,0.9637057,0.9566035,0.75596683,0.985057,0.961312762,0.95809704,0.289492601,0.468048878,0.843249199,0.874599359,0.859375,0.897688919,0.307056617,,"[[[[Premise]]]]: A man and a woman are sitting at a table outside, next to a small flower garden.>>>>[[[[Hypothesis]]]]: The man and woman are [[away]].","[[[[Premise]]]]: A man and a woman are sitting at a table outside, next to a small flower garden.>>>>[[[[Hypothesis]]]]: The man and woman are [[outside]].",1.3333333333333333,3.0,2.0,3.75
bae,snli,365,2,0,0.769787476,0.898536808,0.91691613,0.94128376,0.992501544,0.9154746,2.581512963,0.9433911,0.336478728,0.463741987,0.845152244,0.885416667,0.889022436,0.84595806,0.24832221,,[[[[Premise]]]]: two [[people]] in spandex and helmets in a race [[walk]] uphill.>>>>[[[[Hypothesis]]]]: A male and a female bicyclist are [[riding]] for money as they pedal to the top of the mountain.,[[[[Premise]]]]: two [[bicyclists]] in spandex and helmets in a race [[pedaling]] uphill.>>>>[[[[Hypothesis]]]]: A male and a female bicyclist are [[racing]] for money as they pedal to the top of the mountain.,2.75,1.0,2.0,4.0
pso,snli,391,1,0,0.815355104,0.926880811,0.9518234,0.8929163,1.010183045,0.9298249,2.621144288,0.8857401,0.478037494,0.461538462,0.844150641,0.884615385,0.883012821,0.730108979,0.205475824,,[[[[Premise]]]]: A male is placing an order in a deli.>>>>[[[[Hypothesis]]]]: A [[guerrilla]] at a deli.,[[[[Premise]]]]: A male is placing an order in a deli.>>>>[[[[Hypothesis]]]]: A [[man]] at a deli.,1.0,1.6666666666666667,2.0,4.0
alzantot,snli,133,2,0,0.917317637,0.95077381,0.9738049,0.9738692,0.537270142,0.95639926,1.995772132,0.9564223,0.295220991,0.466045673,0.844250801,0.9375,0.930689103,0.858868068,0.26346991,,[[[[Premise]]]]: A baby in a bathrobe waits for his shower.>>>>[[[[Hypothesis]]]]: A baby is waiting for his mother to give him a [[toilet]].,[[[[Premise]]]]: A baby in a bathrobe waits for his shower.>>>>[[[[Hypothesis]]]]: A baby is waiting for his mother to give him a [[shower]].,2.0,1.3333333333333333,0.0,3.75
bae,snli,390,2,0,0.853357534,0.930395913,0.96964663,0.93735784,0.918652809,0.88873076,3.087025226,0.8974515,0.452876547,0.458934295,0.844751603,0.923076923,0.913862179,0.873875737,0.21379308,,"[[[[Premise]]]]: Four people [[are]] in a green field, two wearing white and two wearing red, with green bushes and trees in the background.>>>>[[[[Hypothesis]]]]: A group of people are [[rolling]] cotton.","[[[[Premise]]]]: Four people [[work]] in a green field, two wearing white and two wearing red, with green bushes and trees in the background.>>>>[[[[Hypothesis]]]]: A group of people are [[picking]] cotton.",3.5,3.3333333333333335,2.0,2.6666666666666665
alzantot,snli,298,0,2,0.766910511,0.9995,0.9420532,0.9803303,0.556427242,0.9667744,1.549969066,0.9765705,0.216469836,0.465444712,0.845653045,0.945112179,0.938701923,0.956894469,0.196054241,,"[[[[Premise]]]]: A worker in a striped orange, gray, and white t-shirt hovers over a stand that is displaying different [[kind]] of flat [[loaf]].>>>>[[[[Hypothesis]]]]: A butcher [[standing]] over his freshly cut meat.","[[[[Premise]]]]: A worker in a striped orange, gray, and white t-shirt hovers over a stand that is displaying different [[kinds]] of flat [[bread]].>>>>[[[[Hypothesis]]]]: A butcher [[stands]] over his freshly cut meat.",3.3333333333333335,2.25,0.0,2.3333333333333335
alzantot,snli,33,2,0,0.807055727,0.999314129,0.9682555,0.9528669,0.734052061,0.9732734,1.863687088,0.98300505,0.184363965,0.457632212,0.838641827,0.94150641,0.938701923,0.961289114,0.154189977,,[[[[Premise]]]]: Sidewalk [[bloom]] cart vendor.>>>>[[[[Hypothesis]]]]: Tulip vendor by the curb.,[[[[Premise]]]]: Sidewalk [[flower]] cart vendor.>>>>[[[[Hypothesis]]]]: Tulip vendor by the curb.,4.25,1.3333333333333333,2.0,3.5
bae,snli,77,1,0,0.912759211,0.965341309,0.98458606,0.9745725,0.559200646,0.9453211,2.036631055,0.9651606,0.263967396,0.468549679,0.845252404,0.961137821,0.952724359,0.905840814,0.248268092,,[[[[Premise]]]]: A baseball player is [[stepping]] into a base while the baseman is catching an incoming ball during a major league baseball game.>>>>[[[[Hypothesis]]]]: A baseball player slides into a base.,[[[[Premise]]]]: A baseball player is [[sliding]] into a base while the baseman is catching an incoming ball during a major league baseball game.>>>>[[[[Hypothesis]]]]: A baseball player slides into a base.,4.666666666666667,3.3333333333333335,1.0,3.3333333333333335
alzantot,snli,271,1,0,0.930489948,0.955309019,0.99258196,0.97341007,0.63996759,0.9563238,1.865953482,0.97085667,0.241426629,0.463241186,0.844951923,0.845352564,0.854967949,0.859942991,0.215956572,,"[[[[Premise]]]]: A man in yellow, white, and blue bicycle clothing and helmet grimaces as he rides his bicycle.>>>>[[[[Hypothesis]]]]: A man is riding a [[motorcycle]].","[[[[Premise]]]]: A man in yellow, white, and blue bicycle clothing and helmet grimaces as he rides his bicycle.>>>>[[[[Hypothesis]]]]: A man is riding a [[bicycle]].",1.6666666666666667,3.3333333333333335,1.0,4.0
bae,snli,391,1,0,0.815355104,0.926880811,0.87157404,0.95333,0.663587737,0.91936827,2.748930904,0.8574503,0.533947057,0.45703125,0.844951923,0.904647436,0.899038462,0.679591233,0.194685358,,[[[[Premise]]]]: A male is placing an order in a [[bank]].>>>>[[[[Hypothesis]]]]: A man at a deli.,[[[[Premise]]]]: A male is placing an order in a [[deli]].>>>>[[[[Hypothesis]]]]: A man at a deli.,1.3333333333333333,1.3333333333333333,2.0,4.666666666666667
bae,snli,239,1,0,0.828247753,0.931972789,0.9318603,0.924747,1.052396171,0.88813794,3.341922382,0.8611243,0.527021447,0.461638622,0.845452724,0.870192308,0.868189103,0.590986883,0.207725167,,[[[[Premise]]]]: Two young boys are in a green kayak in the [[lobby]].>>>>[[[[Hypothesis]]]]: The boys are outside.,[[[[Premise]]]]: Two young boys are in a green kayak in the [[grass]].>>>>[[[[Hypothesis]]]]: The boys are outside.,2.0,2.5,0.0,2.3333333333333335
bae,snli,52,2,0,0.876156078,0.920940171,0.9641198,0.9115616,1.036116052,0.78501374,4.461922368,0.831762,0.580065516,0.460737179,0.844751603,0.943509615,0.947516026,0.729106319,0.151277737,,"[[[[Premise]]]]: One [[kid]] walking across the street, another on sidewalk.>>>>[[[[Hypothesis]]]]: Women separate after lunch.","[[[[Premise]]]]: One [[woman]] walking across the street, another on sidewalk.>>>>[[[[Hypothesis]]]]: Women separate after lunch.",3.3333333333333335,1.6666666666666667,2.0,5.0
bae,snli,312,1,2,0.894225554,0.959722222,0.9643434,0.94995517,0.776660632,0.84999657,3.539207,0.9386921,0.35016564,0.461939103,0.845753205,0.928285256,0.922275641,0.889779764,0.223358754,,[[[[Premise]]]]: A man with a tattoo on his left arm flips his food into the air with his frying [[dog]].>>>>[[[[Hypothesis]]]]: a man using a frying pan,[[[[Premise]]]]: A man with a tattoo on his left arm flips his food into the air with his frying [[pan]].>>>>[[[[Hypothesis]]]]: a man using a frying pan,1.0,1.6666666666666667,0.0,3.0
bae,snli,175,0,2,0.90251398,0.959722222,0.95274574,0.97257656,0.548495757,0.98155093,1.12885156,0.9718403,0.237317167,0.458834135,0.844851763,0.925480769,0.92588141,0.943766773,0.282520687,,[[[[Premise]]]]: A man in a lab coat looking into a microscope with containers in the background.>>>>[[[[Hypothesis]]]]: A man in a lab coat [[showing]] a lady's blood.,[[[[Premise]]]]: A man in a lab coat looking into a microscope with containers in the background.>>>>[[[[Hypothesis]]]]: A man in a lab coat [[takes]] a lady's blood.,1.6666666666666667,3.0,0.0,3.0
bae,snli,107,0,1,0.80032032,0.920940171,0.92640257,0.79536355,1.482791199,0.9004683,3.510408799,0.8592343,0.530595502,0.459835737,0.841646635,0.869391026,0.860576923,0.73051303,0.139760188,,[[[[Premise]]]]: A greyhound jumps over a chain.>>>>[[[[Hypothesis]]]]: A dog is [[secured]] under a chain.,[[[[Premise]]]]: A greyhound jumps over a chain.>>>>[[[[Hypothesis]]]]: A dog is [[sleeping]] under a chain.,2.5,2.0,2.0,3.3333333333333335
alzantot,snli,295,2,0,0.603943516,0.825432099,0.92637146,0.8712708,1.250952987,0.77570444,4.444297216,0.83522165,0.574070371,0.462940705,0.844751603,0.898637821,0.900240385,0.825501788,0.15270988,,[[[[Premise]]]]: A [[men]] in black reading a [[cookbook]] for a group of [[citizens]].>>>>[[[[Hypothesis]]]]: The man is reading for children.,[[[[Premise]]]]: A [[man]] in black reading a [[book]] for a group of [[people]].>>>>[[[[Hypothesis]]]]: The man is reading for children.,3.5,3.0,2.0,3.3333333333333335
pso,snli,146,1,0,0.894225554,0.958018273,0.9577716,0.9935472,0.282072675,0.90732247,2.448698652,0.9627105,0.273091866,0.463040865,0.845252404,0.918669872,0.920673077,0.79742403,0.199320291,,[[[[Premise]]]]: A group of people wearing hats and using walking sticks are walking through a wooded area on a trail.>>>>[[[[Hypothesis]]]]: A [[shovelful]] of people outdoors.,[[[[Premise]]]]: A group of people wearing hats and using walking sticks are walking through a wooded area on a trail.>>>>[[[[Hypothesis]]]]: A [[bunch]] of people outdoors.,1.6666666666666667,2.6666666666666665,1.0,3.6666666666666665
pso,snli,226,1,0,0.913202701,0.949930748,0.9585936,0.940752,0.749448204,0.96376354,1.97918563,0.9527526,0.30740007,0.46484375,0.844350962,0.915064103,0.921474359,0.788726908,0.24064936,,[[[[Premise]]]]: An indian man walks past a temple on his way to pray.>>>>[[[[Hypothesis]]]]: An indian is on his way to [[salute]].,[[[[Premise]]]]: An indian man walks past a temple on his way to pray.>>>>[[[[Hypothesis]]]]: An indian is on his way to [[worship]].,2.0,2.6666666666666665,2.0,2.6666666666666665
alzantot,snli,230,2,0,0.72768172,0.936388889,0.87247944,0.95023996,0.784414578,0.75104725,5.279301461,0.93486327,0.36093428,0.465945513,0.84364984,0.844150641,0.837339744,0.921557504,0.180267945,,[[[[Premise]]]]: Four girls and a lady learning how to do some [[handicraft]].>>>>[[[[Hypothesis]]]]: [[Craftsmanship]] are being done poorly.,[[[[Premise]]]]: Four girls and a lady learning how to do some [[crafts]].>>>>[[[[Hypothesis]]]]: [[Crafts]] are being done poorly.,4.0,2.6666666666666665,2.0,2.6666666666666665
pso,snli,380,0,1,0.857106112,0.894645784,0.9067997,0.8696594,1.298495321,0.937442,2.389138658,0.8486115,0.550251779,0.465745192,0.809795673,0.748397436,0.735977564,0.771465123,0.181647599,,[[[[Premise]]]]: A man playing a banjo near a tree at an outdoor event.>>>>[[[[Hypothesis]]]]: The man is playing a [[instrument]] [[also]].,[[[[Premise]]]]: A man playing a banjo near a tree at an outdoor event.>>>>[[[[Hypothesis]]]]: The man is playing a [[cello]] [[inside]].,2.3333333333333335,2.6666666666666665,1.0,3.75
pso,snli,376,1,0,0.908654961,0.947287199,0.9559955,0.91055864,1.133840521,0.944654,2.313392179,0.9340146,0.363277948,0.46083734,0.845352564,0.802083333,0.800480769,0.873130876,0.207106833,,[[[[Premise]]]]: A smiling woman is playing the violin in front of a turquoise background.>>>>[[[[Hypothesis]]]]: A woman is playing an [[drumstick]].,[[[[Premise]]]]: A smiling woman is playing the violin in front of a turquoise background.>>>>[[[[Hypothesis]]]]: A woman is playing an [[instrument]].,2.25,3.0,0.0,2.6666666666666665
pso,snli,114,0,2,0.67057668,0.789386095,0.8225599,0.817464,1.418764157,0.8002851,3.835142005,0.8638134,0.521893933,0.460136218,0.844150641,0.840544872,0.828926282,0.742445737,0.230575085,,[[[[Premise]]]]: Three people in coats stand in front of a blue building.>>>>[[[[Hypothesis]]]]: [[Crowds]] are [[scrunching]] down [[fortuitously]].,[[[[Premise]]]]: Three people in coats stand in front of a blue building.>>>>[[[[Hypothesis]]]]: [[People]] are [[sitting]] down [[outside]].,3.0,2.5,0.0,3.0
bae,snli,4,2,0,0.878741909,0.951904762,0.93524575,0.9762154,0.585632306,0.9717345,1.485085727,0.9504073,0.314937147,0.466646635,0.844751603,0.939903846,0.934695513,0.895745665,0.20671563,,[[[[Premise]]]]: A person in a yellow slicker is driving a motorboat next to the beach.>>>>[[[[Hypothesis]]]]: A fisherman [[enters]] home for the night.,[[[[Premise]]]]: A person in a yellow slicker is driving a motorboat next to the beach.>>>>[[[[Hypothesis]]]]: A fisherman [[heading]] home for the night.,2.0,3.6666666666666665,2.0,3.6666666666666665
pso,snli,396,0,1,0.597928591,0.767166941,0.9325311,0.9139773,1.00750685,0.9259112,2.36975593,0.883412,0.482883098,0.459835737,0.844150641,0.895032051,0.873798077,0.810505718,0.231302019,,[[[[Premise]]]]: A man is reading a newspaper in a car dealership.>>>>[[[[Hypothesis]]]]: A [[human]] is [[seeing]] a [[periodical]] at the [[clinic]].,[[[[Premise]]]]: A man is reading a newspaper in a car dealership.>>>>[[[[Hypothesis]]]]: A [[man]] is [[reading]] a [[magazine]] at the [[hospital]].,3.6666666666666665,2.25,0.0,3.5
alzantot,snli,189,0,2,0.93790428,0.959965278,0.9726233,0.9891242,0.419076785,0.9879141,0.887086585,0.9754862,0.221421928,0.46494391,0.844651442,0.883814103,0.881009615,0.90538978,0.273352712,,"[[[[Premise]]]]: A man, dressed in a green shirt with black pants, is transporting luggage strapped to a wheelbarrow, down a cobblestone road.>>>>[[[[Hypothesis]]]]: The road is [[footpath]].","[[[[Premise]]]]: A man, dressed in a green shirt with black pants, is transporting luggage strapped to a wheelbarrow, down a cobblestone road.>>>>[[[[Hypothesis]]]]: The road is [[pavement]].",4.5,3.6666666666666665,0.0,2.3333333333333335
bae,snli,386,1,2,0.849232664,0.940257353,0.93393123,0.9408175,0.816209281,0.9505843,2.222514494,0.9434939,0.336173136,0.458433494,0.846053686,0.916266026,0.915865385,0.852808011,0.172098474,,[[[[Premise]]]]: A pregnant lady [[comes]] on stage while holding a flag behind her.>>>>[[[[Hypothesis]]]]: A woman is making music.,[[[[Premise]]]]: A pregnant lady [[singing]] on stage while holding a flag behind her.>>>>[[[[Hypothesis]]]]: A woman is making music.,2.0,1.5,2.0,3.75
pso,snli,388,0,2,0.735873632,0.819901316,0.81957674,0.81964475,1.430351711,0.90252733,2.63900922,0.90579784,0.434055582,0.451422276,0.842848558,0.829326923,0.841346154,0.832328117,0.196667826,,[[[[Premise]]]]: A young child is being held by another child looking straight at us.>>>>[[[[Hypothesis]]]]: The [[preteen]] is forty [[grades]] [[foregone]].,[[[[Premise]]]]: A young child is being held by another child looking straight at us.>>>>[[[[Hypothesis]]]]: The [[child]] is forty [[years]] [[old]].,2.5,1.0,2.0,2.6666666666666665
alzantot,snli,95,0,1,0.935133484,1.07015873,0.9388236,0.94556916,0.729442825,0.9557254,1.874333299,0.98351765,0.181562169,0.458333333,0.835637019,0.868990385,0.846554487,0.966530889,0.158759415,,"[[[[Premise]]]]: A family, daughter in the middle, walks down the street.>>>>[[[[Hypothesis]]]]: the family is [[seat]]","[[[[Premise]]]]: A family, daughter in the middle, walks down the street.>>>>[[[[Hypothesis]]]]: the family is [[seated]]",2.0,1.3333333333333333,2.0,4.0
pso,snli,219,1,2,0.866641573,0.922809829,0.9631608,0.95061004,0.771601683,0.966417,1.823093235,0.93906295,0.34910486,0.462439904,0.844350962,0.903044872,0.890224359,0.775213248,0.250195525,,[[[[Premise]]]]: Four cheerleaders performing a cheer on court at UCLA.>>>>[[[[Hypothesis]]]]: Cheerleaders performing a [[push]].,[[[[Premise]]]]: Four cheerleaders performing a cheer on court at UCLA.>>>>[[[[Hypothesis]]]]: Cheerleaders performing a [[cheer]].,2.0,2.6666666666666665,0.0,2.0
pso,snli,211,0,1,0.849232664,0.940257353,0.94585824,0.92080396,1.00346883,0.9479675,2.188301296,0.9073735,0.430410397,0.464543269,0.83603766,0.897435897,0.892628205,0.847360688,0.191895243,,[[[[Premise]]]]: A goalie tries to catch a ball during a soccer game.>>>>[[[[Hypothesis]]]]: the goalie [[waive]] during the game.,[[[[Premise]]]]: A goalie tries to catch a ball during a soccer game.>>>>[[[[Hypothesis]]]]: the goalie [[quit]] during the game.,2.0,1.3333333333333333,2.0,4.333333333333333
alzantot,snli,211,0,2,0.685923812,0.819477791,0.8809375,0.8841345,1.234124977,0.9376747,2.398817215,0.8850496,0.479479824,0.465344551,0.838441506,0.914663462,0.91025641,0.871386212,0.21143788,,[[[[Premise]]]]: [[una]] goalie [[attempting]] to catch a ball during a soccer game.>>>>[[[[Hypothesis]]]]: the goalie [[ceased]] during the game.,[[[[Premise]]]]: [[A]] goalie [[tries]] to catch a ball during a soccer game.>>>>[[[[Hypothesis]]]]: the goalie [[quit]] during the game.,2.0,1.75,0.0,3.6666666666666665
bae,snli,152,0,2,0.834756351,0.922809829,0.9704501,0.9421564,0.903577929,0.96695983,1.431529788,0.97478557,0.224563855,0.461237981,0.845953526,0.930689103,0.913461538,0.919663376,0.209886108,,[[[[Premise]]]]: A man in a striped shirt and lady in a [[colored]] hat are watching a young band perform on stage.>>>>[[[[Hypothesis]]]]: A lady has a white [[bonnet]].,[[[[Premise]]]]: A man in a striped shirt and lady in a [[black]] hat are watching a young band perform on stage.>>>>[[[[Hypothesis]]]]: A lady has a white [[hat]].,3.0,2.0,0.0,4.25
bae,snli,247,0,2,0.828247753,0.931972789,0.93893635,0.95436794,0.788008926,0.82265365,4.259194218,0.85836387,0.53223347,0.468549679,0.844350962,0.925080128,0.913060897,0.777624792,0.186280922,,[[[[Premise]]]]: An african american [[home]] with 2 young girls.>>>>[[[[Hypothesis]]]]: There is a man with his daughters.,[[[[Premise]]]]: An african american [[woman]] with 2 young girls.>>>>[[[[Hypothesis]]]]: There is a man with his daughters.,3.0,2.0,1.0,4.25
alzantot,snli,51,1,0,0.908654961,0.947287199,0.9288114,0.8732935,1.073891873,0.7359513,4.839586631,0.7986793,0.634540419,0.461838942,0.844651442,0.889423077,0.884615385,0.647684231,0.11472967,,[[[[Premise]]]]: A man trying to block another man from shooting the ball in.>>>>[[[[Hypothesis]]]]: The man is is near the [[prom]].,[[[[Premise]]]]: A man trying to block another man from shooting the ball in.>>>>[[[[Hypothesis]]]]: The man is is near the [[ball]].,2.0,2.0,1.0,2.5
pso,snli,196,0,2,0.872512939,0.949445983,0.9127232,0.9032655,1.152293048,0.81216305,3.512141002,0.86416584,0.521218084,0.457832532,0.845853365,0.881810897,0.873798077,0.678370397,0.190465159,,[[[[Premise]]]]: A man in a black hat and jacket is sitting down.>>>>[[[[Hypothesis]]]]: A man is being [[enamored]] for breaking a window.,[[[[Premise]]]]: A man in a black hat and jacket is sitting down.>>>>[[[[Hypothesis]]]]: A man is being [[arrested]] for breaking a window.,2.25,4.0,0.0,2.5
bae,snli,355,0,1,0.889526036,0.956162415,0.98151445,0.94969785,0.790033476,0.93254083,2.400278143,0.92529726,0.386530094,0.45713141,0.845252404,0.952323718,0.94911859,0.896716559,0.216096486,,[[[[Premise]]]]: A young man standing on a plank of wood and using a large saw to cut it.>>>>[[[[Hypothesis]]]]: A young [[kid]] is cutting wood.,[[[[Premise]]]]: A young man standing on a plank of wood and using a large saw to cut it.>>>>[[[[Hypothesis]]]]: A young [[girl]] is cutting wood.,1.5,2.0,1.0,3.3333333333333335
pso,snli,36,0,2,0.567672171,0.637142857,0.8072016,0.7795073,1.68825511,0.69010997,5.212994599,0.7932482,0.643042477,0.459735577,0.845152244,0.837339744,0.836137821,0.680282074,0.207393418,,[[[[Premise]]]]: A child wearing a red shirt playing.>>>>[[[[Hypothesis]]]]: A [[preteen]] wearing a [[lemon]] [[waist]] [[resting]].,[[[[Premise]]]]: A child wearing a red shirt playing.>>>>[[[[Hypothesis]]]]: A [[child]] wearing a [[yellow]] [[shirt]] [[sleeping]].,3.6666666666666665,1.3333333333333333,0.0,3.0
alzantot,snli,281,0,2,0.803154666,0.926815257,0.9329301,0.9512237,0.709665645,0.96195686,1.65580363,0.9646702,0.265818828,0.460036058,0.845953526,0.933894231,0.929487179,0.847667366,0.164202994,,"[[[[Premise]]]]: From afar, a person walks down a path through a brown field.>>>>[[[[Hypothesis]]]]: A [[somebody]] [[picked]] a selfie.","[[[[Premise]]]]: From afar, a person walks down a path through a brown field.>>>>[[[[Hypothesis]]]]: A [[person]] [[takes]] a selfie.",2.5,2.3333333333333335,2.0,3.6666666666666665
pso,snli,386,1,0,0.897954214,0.941061581,0.9476164,0.9103596,1.035296837,0.96243066,1.923439411,0.8886651,0.471879166,0.460036058,0.845152244,0.856169872,0.856169872,0.761668485,0.155077842,,[[[[Premise]]]]: A pregnant lady singing on stage while holding a flag behind her.>>>>[[[[Hypothesis]]]]: A woman is making [[fugue]].,[[[[Premise]]]]: A pregnant lady singing on stage while holding a flag behind her.>>>>[[[[Hypothesis]]]]: A woman is making [[music]].,3.0,2.3333333333333335,1.0,2.6666666666666665
alzantot,snli,320,2,0,0.866137426,0.935329861,0.97357917,0.9911827,0.381540176,0.96839195,1.541869025,0.97070885,0.242037406,0.466145833,0.843950321,0.941105769,0.932291667,0.856624842,0.212639305,,"[[[[Premise]]]]: An outdoor rodeo, with a cowboy in a red shirt riding a bucking horse while others watch from the sidelines.>>>>[[[[Hypothesis]]]]: A [[bullfighter]] is [[attempting]] to keep his horse calm for the competition","[[[[Premise]]]]: An outdoor rodeo, with a cowboy in a red shirt riding a bucking horse while others watch from the sidelines.>>>>[[[[Hypothesis]]]]: A [[cowboy]] is [[trying]] to keep his horse calm for the competition",3.0,3.75,2.0,4.333333333333333
pso,snli,71,1,0,0.913202701,0.947287199,0.94672906,0.9757464,0.61573274,0.88567674,3.603838245,0.9199789,0.400052879,0.465144231,0.837239583,0.820512821,0.826522436,0.792140061,0.139623105,,"[[[[Premise]]]]: Three men playing cricket wearing all white, with one man wearing a blue helmet.>>>>[[[[Hypothesis]]]]: Four men are playing [[earthworm]].","[[[[Premise]]]]: Three men playing cricket wearing all white, with one man wearing a blue helmet.>>>>[[[[Hypothesis]]]]: Four men are playing [[cricket]].",1.6666666666666667,2.0,0.0,3.5
pso,snli,62,0,2,0.953358935,0.954493919,0.93734777,0.98489046,0.496531414,0.9423064,2.228616309,0.92141205,0.396454156,0.464342949,0.84375,0.888621795,0.899038462,0.758260584,0.161474919,,[[[[Premise]]]]: A man in an orange hat and brown jacket and pants running on snow in snowshoes.>>>>[[[[Hypothesis]]]]: a man running on the [[way]],[[[[Premise]]]]: A man in an orange hat and brown jacket and pants running on snow in snowshoes.>>>>[[[[Hypothesis]]]]: a man running on the [[track]],2.25,2.3333333333333335,1.0,3.0
pso,snli,129,1,0,0.964857158,0.964923469,0.95547986,0.9666879,0.709057912,0.98539144,1.034055673,0.973485,0.230282706,0.458834135,0.845152244,0.915464744,0.901041667,0.883481592,0.262208205,,[[[[Premise]]]]: A woman with dark hair and a red dress sits next to a little girl with blond-hair and a white dress while reading a book.>>>>[[[[Hypothesis]]]]: A person with [[moustache]],[[[[Premise]]]]: A woman with dark hair and a red dress sits next to a little girl with blond-hair and a white dress while reading a book.>>>>[[[[Hypothesis]]]]: A person with [[hair]],1.5,1.6666666666666667,2.0,3.0
pso,snli,195,0,1,0.905766335,0.958018273,0.96867085,0.8815823,1.310275023,0.95084864,1.996031888,0.79035634,0.64752402,0.460136218,0.843549679,0.765625,0.759615385,0.677207059,0.139863469,,"[[[[Premise]]]]: A couple dancing alfresco dressed in turquoise tops, the lady is held up in the air with her hands stretched upwards.>>>>[[[[Hypothesis]]]]: [[Stuff]] is dancing","[[[[Premise]]]]: A couple dancing alfresco dressed in turquoise tops, the lady is held up in the air with her hands stretched upwards.>>>>[[[[Hypothesis]]]]: [[Nobody]] is dancing",1.5,2.5,1.0,2.5
pso,snli,269,2,0,0.894225554,0.958018273,0.9814288,0.983851,0.564238159,0.9549008,1.867012592,0.9702584,0.243891588,0.463141026,0.844150641,0.914663462,0.911458333,0.921377981,0.162053454,,"[[[[Premise]]]]: A young boy with blue shorts, at an indoor pool jumping into the water.>>>>[[[[Hypothesis]]]]: a young kid jumps into the [[surf]] during swim lessons","[[[[Premise]]]]: A young boy with blue shorts, at an indoor pool jumping into the water.>>>>[[[[Hypothesis]]]]: a young kid jumps into the [[water]] during swim lessons",3.3333333333333335,2.0,2.0,3.0
pso,snli,275,2,0,0.909593063,0.964109782,0.97911257,0.99226314,0.381946238,0.96538204,1.622207743,0.8463991,0.554257984,0.464443109,0.842748397,0.915064103,0.915464744,0.75419243,0.201893471,,[[[[Premise]]]]: A man in an orange hat and brown jacket and pants running on snow in snowshoes.>>>>[[[[Hypothesis]]]]: a [[ape]] running with snowshoes on the snow looking for the lost girl,[[[[Premise]]]]: A man in an orange hat and brown jacket and pants running on snow in snowshoes.>>>>[[[[Hypothesis]]]]: a [[man]] running with snowshoes on the snow looking for the lost girl,1.6666666666666667,2.25,1.0,3.0
alzantot,snli,315,0,1,0.909593063,0.961292308,0.9647435,0.9734603,0.637596638,0.98630327,1.098719083,0.98701197,0.161171005,0.467447917,0.842848558,0.923878205,0.923477564,0.904820788,0.227711085,,"[[[[Premise]]]]: Two men sitting on a subway are reading, with coats and scarves on, but have seemed to have [[forfeited]] their pants.>>>>[[[[Hypothesis]]]]: The men are wearing pants.","[[[[Premise]]]]: Two men sitting on a subway are reading, with coats and scarves on, but have seemed to have [[lost]] their pants.>>>>[[[[Hypothesis]]]]: The men are wearing pants.",4.333333333333333,2.25,0.0,4.75
pso,snli,373,1,0,0.889526036,0.956162415,0.9762038,0.96898055,0.65523456,0.9810686,1.42211599,0.98163414,0.191655351,0.463141026,0.845252404,0.929086538,0.927884615,0.931504357,0.222387887,,[[[[Premise]]]]: A group of Indian men clean a little girls shoe with a toothbrush and paste.>>>>[[[[Hypothesis]]]]: A group of men are [[mopping]] a shoe.,[[[[Premise]]]]: A group of Indian men clean a little girls shoe with a toothbrush and paste.>>>>[[[[Hypothesis]]]]: A group of men are [[cleaning]] a shoe.,4.0,2.5,1.0,3.5
bae,snli,32,1,0,0.876156078,0.926880811,0.95198715,0.86043966,1.169844189,0.76193434,4.838093466,0.7812093,0.661499422,0.458834135,0.845552885,0.907451923,0.905048077,0.618820858,0.174005352,,[[[[Premise]]]]: a [[girl]] with a blue jacket look at items.>>>>[[[[Hypothesis]]]]: A man looks at things.,[[[[Premise]]]]: a [[man]] with a blue jacket look at items.>>>>[[[[Hypothesis]]]]: A man looks at things.,1.3333333333333333,1.5,0.0,3.6666666666666665
bae,snli,356,0,2,0.839432708,0.931972789,0.9521926,0.95720065,0.807565814,0.8590318,3.884068311,0.89998585,0.447245194,0.456229968,0.832832532,0.875,0.883814103,0.754990661,0.193173501,,"[[[[Premise]]]]: Two women, one walking her dog the other pushing a [[shovel]].>>>>[[[[Hypothesis]]]]: There is a snowstorm.","[[[[Premise]]]]: Two women, one walking her dog the other pushing a [[stroller]].>>>>[[[[Hypothesis]]]]: There is a snowstorm.",1.25,3.6666666666666665,2.0,4.666666666666667
bae,snli,128,0,2,0.940035717,0.962935569,0.9487759,0.8952013,1.261662966,0.9520048,1.977791266,0.95733166,0.292124571,0.458233173,0.845252404,0.852163462,0.856169872,0.80240854,0.195493696,,"[[[[Premise]]]]: A small baby, possibly a newborn is being bathed by a person in blue scrubs wearing protective gloves.>>>>[[[[Hypothesis]]]]: The small baby is in it's crib sound [[morning]].","[[[[Premise]]]]: A small baby, possibly a newborn is being bathed by a person in blue scrubs wearing protective gloves.>>>>[[[[Hypothesis]]]]: The small baby is in it's crib sound [[asleep]].",1.5,1.3333333333333333,2.0,4.25
alzantot,snli,334,0,1,0.74887741,0.934966054,0.96310824,0.9764071,0.581979225,0.9502619,1.827586488,0.9702571,0.243897475,0.462139423,0.84364984,0.941907051,0.938301282,0.962376249,0.175985963,,"[[[[Premise]]]]: At an outdoor event in an Asian-themed area, a crowd congregates as one [[individual]] in a yellow Chinese dragon [[getup]] confronts the camera.>>>>[[[[Hypothesis]]]]: A single [[guy]] is next to a camera","[[[[Premise]]]]: At an outdoor event in an Asian-themed area, a crowd congregates as one [[person]] in a yellow Chinese dragon [[costume]] confronts the camera.>>>>[[[[Hypothesis]]]]: A single [[man]] is next to a camera",5.0,2.6666666666666665,0.0,4.0
alzantot,snli,89,2,0,0.866641573,0.922809829,0.9233013,0.8275162,1.258653181,0.6807658,5.414932994,0.8304341,0.582350269,0.464042468,0.845252404,0.901442308,0.899038462,0.704754266,0.195274046,,[[[[Premise]]]]: A couple of friends have a drink.>>>>[[[[Hypothesis]]]]: Two men are at a [[lawyer]].,[[[[Premise]]]]: A couple of friends have a drink.>>>>[[[[Hypothesis]]]]: Two men are at a [[bar]].,1.0,1.75,0.0,4.25
bae,snli,54,1,2,0.878741909,0.951904762,0.9724854,0.99451727,0.279113448,0.9869979,1.107393926,0.99462473,0.103685516,0.467347756,0.84375,0.955128205,0.954727564,0.954168004,0.231153617,,[[[[Premise]]]]: Three men and two women stand facing the [[shore]] from the shore on a sunny day.>>>>[[[[Hypothesis]]]]: People stand facing the ocean.,[[[[Premise]]]]: Three men and two women stand facing the [[ocean]] from the shore on a sunny day.>>>>[[[[Hypothesis]]]]: People stand facing the ocean.,1.5,1.75,0.0,4.0
pso,snli,360,0,2,0.857892809,0.936388889,0.95508754,0.9025685,1.001287058,0.946892,2.188253432,0.95356864,0.304734183,0.466346154,0.844851763,0.896634615,0.891826923,0.850203109,0.185990089,,[[[[Premise]]]]: A lady in a red sweatshirt opening a present.>>>>[[[[Hypothesis]]]]: The lady is wearing a [[sexy]] shirt.,[[[[Premise]]]]: A lady in a red sweatshirt opening a present.>>>>[[[[Hypothesis]]]]: The lady is wearing a [[blue]] shirt.,2.3333333333333335,3.0,0.0,3.5
alzantot,snli,247,0,2,0.828247753,0.931972789,0.9364708,0.9846529,0.458147056,0.9793411,1.492100138,0.95713496,0.292797363,0.467447917,0.840745192,0.859375,0.86338141,0.866306531,0.201887417,,[[[[Premise]]]]: An african american woman with 2 young girls.>>>>[[[[Hypothesis]]]]: There is a [[bloke]] with his daughters.,[[[[Premise]]]]: An african american woman with 2 young girls.>>>>[[[[Hypothesis]]]]: There is a [[man]] with his daughters.,3.6666666666666665,3.3333333333333335,0.0,3.5
bae,snli,374,1,0,0.70945211,0.868097826,0.91208994,0.9155992,1.054236146,0.8666739,2.89819329,0.8513964,0.545167319,0.462139423,0.841846955,0.814903846,0.8125,0.784338564,0.255989016,,"[[[[Premise]]]]: A man and a [[girl]] are sitting at a table outside, next to a small flower [[room]].>>>>[[[[Hypothesis]]]]: [[every]] man and woman are outside.","[[[[Premise]]]]: A man and a [[woman]] are sitting at a table outside, next to a small flower [[garden]].>>>>[[[[Hypothesis]]]]: [[The]] man and woman are outside.",2.5,2.5,2.0,3.75
alzantot,snli,122,1,0,0.909593063,0.964089751,0.98983586,0.97602844,0.534731192,0.96916395,1.564866457,0.9572677,0.292343263,0.457732372,0.843950321,0.959535256,0.957532051,0.918436384,0.168266405,,"[[[[Premise]]]]: two wrestlers wrestling, the one on the bottom is in submission and could possibly be in pain.>>>>[[[[Hypothesis]]]]: One [[boxer]] wrestles the other onto the bottom in their fight","[[[[Premise]]]]: two wrestlers wrestling, the one on the bottom is in submission and could possibly be in pain.>>>>[[[[Hypothesis]]]]: One [[wrestler]] wrestles the other onto the bottom in their fight",4.333333333333333,2.75,1.0,3.5
pso,snli,355,0,2,0.889526036,0.956162415,0.9706553,0.9273375,0.959267779,0.92141116,2.583226575,0.9212164,0.396947557,0.453926282,0.845152244,0.945913462,0.935897436,0.872111171,0.221701725,,[[[[Premise]]]]: A young man standing on a plank of wood and using a large saw to cut it.>>>>[[[[Hypothesis]]]]: A young [[blond]] is cutting wood.,[[[[Premise]]]]: A young man standing on a plank of wood and using a large saw to cut it.>>>>[[[[Hypothesis]]]]: A young [[girl]] is cutting wood.,1.6666666666666667,2.5,1.0,3.0
pso,snli,289,2,0,0.927898272,0.967598566,0.98494196,0.98637915,0.466726507,0.9820466,1.288369531,0.98121417,0.193834085,0.467748397,0.844250801,0.938301282,0.931891026,0.854899991,0.252923246,,"[[[[Premise]]]]: Two boys, one wearing green, the other in yellow, are playing with sidewalk chalk, drawing pictures on the ground.>>>>[[[[Hypothesis]]]]: There are two boys drawing lewd pictures in [[clay]] on the ground.","[[[[Premise]]]]: Two boys, one wearing green, the other in yellow, are playing with sidewalk chalk, drawing pictures on the ground.>>>>[[[[Hypothesis]]]]: There are two boys drawing lewd pictures in [[chalk]] on the ground.",3.3333333333333335,3.75,2.0,3.0
pso,snli,283,0,2,0.849232664,0.943675509,0.9201986,0.93171495,0.85546996,0.91314554,2.584312629,0.87644374,0.497104376,0.459635417,0.844651442,0.919070513,0.918269231,0.699273229,0.205069756,,[[[[Premise]]]]: The people ride down the road on sleds.>>>>[[[[Hypothesis]]]]: The people are on the [[peripheral]] going to the museum,[[[[Premise]]]]: The people ride down the road on sleds.>>>>[[[[Hypothesis]]]]: The people are on the [[bus]] going to the museum,2.75,2.6666666666666665,2.0,3.5
bae,snli,354,0,2,0.643234389,0.837097506,0.87352616,0.93713063,1.049503953,0.95134056,2.005073918,0.9083721,0.428083862,0.459134615,0.844451122,0.933894231,0.935496795,0.839492273,0.099665149,,"[[[[Premise]]]]: [[the]] father helps his son ride a bike [[with]] dry, and dusty dirt accompanied by his sister [[huddled]] in a green [[bed]].>>>>[[[[Hypothesis]]]]: Someone is sleeping","[[[[Premise]]]]: [[A]] father helps his son ride a bike [[across]] dry, and dusty dirt accompanied by his sister [[adorned]] in a green [[dress]].>>>>[[[[Hypothesis]]]]: Someone is sleeping",2.0,3.6666666666666665,2.0,4.0
alzantot,snli,242,0,2,0.568109683,0.85515873,0.8533596,0.85334766,1.210538807,0.5746627,7.03378003,0.6395368,0.84907384,0.457632212,0.84364984,0.858974359,0.842948718,0.59660489,0.078584638,,[[[[Premise]]]]: [[Camel]] on wet road while [[fella]] hangs on back.>>>>[[[[Hypothesis]]]]: racing on a [[drying]] road.,[[[[Premise]]]]: [[Racing]] on wet road while [[man]] hangs on back.>>>>[[[[Hypothesis]]]]: racing on a [[dry]] road.,3.0,2.25,1.0,4.0
bae,snli,381,1,0,0.897954214,0.941061581,0.98100096,0.97382104,0.513283758,0.98428875,1.16510186,0.98012507,0.199373693,0.464543269,0.839543269,0.86338141,0.874599359,0.942374581,0.266800435,,[[[[Premise]]]]: A man under a running shower with shampoo in his hair.>>>>[[[[Hypothesis]]]]: A man is taking a [[bath]].,[[[[Premise]]]]: A man under a running shower with shampoo in his hair.>>>>[[[[Hypothesis]]]]: A man is taking a [[shower]].,3.25,2.0,1.0,3.25
alzantot,snli,147,2,0,0.957347972,0.957270006,0.9866069,0.9852041,0.488360676,0.9899957,0.904385257,0.98758554,0.157571558,0.450520833,0.845052083,0.927884615,0.926682692,0.911356521,0.157864845,,[[[[Premise]]]]: A soccer ball is above the head of a man wearing black shorts and red and black striped shirt.>>>>[[[[Hypothesis]]]]: A tall person in [[pants]],[[[[Premise]]]]: A soccer ball is above the head of a man wearing black shorts and red and black striped shirt.>>>>[[[[Hypothesis]]]]: A tall person in [[shorts]],4.0,2.75,2.0,3.0
alzantot,snli,367,2,1,0.577796617,0.873986928,0.9008057,0.8178052,1.408645499,0.91798884,2.837589209,0.88095427,0.487946199,0.457632212,0.844551282,0.862580128,0.866185897,0.80997206,0.169594241,,[[[[Premise]]]]: A man in all black [[garment]] does a breakdancing move.>>>>[[[[Hypothesis]]]]: The [[fella]] is dancing on the [[rue]].,[[[[Premise]]]]: A man in all black [[clothes]] does a breakdancing move.>>>>[[[[Hypothesis]]]]: The [[man]] is dancing on the [[street]].,3.3333333333333335,4.333333333333333,2.0,4.0
bae,snli,82,1,0,0.83711701,0.926880811,0.9425625,0.91481596,1.050404508,0.74673843,5.433397626,0.88372725,0.482229724,0.458032853,0.842748397,0.872195513,0.862980769,0.812204754,0.250662667,,[[[[Premise]]]]: A black [[girl]] carrying a hanging flower pot.>>>>[[[[Hypothesis]]]]: A dog carrying a flower pot.,[[[[Premise]]]]: A black [[dog]] carrying a hanging flower pot.>>>>[[[[Hypothesis]]]]: A dog carrying a flower pot.,1.0,3.25,0.0,3.6666666666666665
pso,snli,105,2,0,0.77219479,0.890354938,0.89405596,0.95827734,0.727439143,0.93455637,2.204740876,0.9108695,0.422209833,0.460336538,0.845953526,0.895833333,0.885817308,0.778552422,0.203263264,,[[[[Premise]]]]: An older woman sits at a table in a tank top and skirt.>>>>[[[[Hypothesis]]]]: A [[womenfolk]] is [[tarrying]] for her drink,[[[[Premise]]]]: An older woman sits at a table in a tank top and skirt.>>>>[[[[Hypothesis]]]]: A [[woman]] is [[waiting]] for her drink,3.6666666666666665,3.6666666666666665,2.0,3.75
pso,snli,41,2,0,0.894225554,0.956162415,0.9543996,0.98350704,0.527960618,0.94316536,2.081238158,0.9632012,0.271288801,0.462540064,0.845953526,0.918669872,0.909855769,0.808420148,0.141939368,,"[[[[Premise]]]]: A woman wearing a white baseball cap purple coat holding a poster.>>>>[[[[Hypothesis]]]]: A woman is holding a [[charcoal]], rooting for her favorite team.","[[[[Premise]]]]: A woman wearing a white baseball cap purple coat holding a poster.>>>>[[[[Hypothesis]]]]: A woman is holding a [[poster]], rooting for her favorite team.",2.25,2.6666666666666665,1.0,3.0
bae,snli,337,2,0,0.903602004,0.943675509,0.9675781,0.9533726,0.706643893,0.974973,1.491600898,0.9441041,0.334352859,0.463241186,0.845252404,0.922275641,0.921875,0.873415053,0.301696207,,[[[[Premise]]]]: A [[person]] and a man are on stage dancing with flexibility.>>>>[[[[Hypothesis]]]]: A brother and sister are dancing together.,[[[[Premise]]]]: A [[lady]] and a man are on stage dancing with flexibility.>>>>[[[[Hypothesis]]]]: A brother and sister are dancing together.,4.25,3.5,2.0,4.5
pso,snli,126,0,1,0.903602004,0.944348328,0.983876,0.9452593,0.825159869,0.93464845,2.352416898,0.96594226,0.26098921,0.45322516,0.844651442,0.838942308,0.829326923,0.902746445,0.218465907,,[[[[Premise]]]]: A young child sits on the floor and leans against a map to eat.>>>>[[[[Hypothesis]]]]: The child is [[resting]].,[[[[Premise]]]]: A young child sits on the floor and leans against a map to eat.>>>>[[[[Hypothesis]]]]: The child is [[sleeping]].,3.25,3.3333333333333335,0.0,4.0
bae,snli,318,1,2,0.839432708,0.936388889,0.9427261,0.9559335,0.570174175,0.97333765,1.853658674,0.9675449,0.254774998,0.460036058,0.845552885,0.913060897,0.900240385,0.920725,0.223483767,,[[[[Premise]]]]: A man is carrying a [[person]] on his shoulders.>>>>[[[[Hypothesis]]]]: A child is on a mans shoulders.,[[[[Premise]]]]: A man is carrying a [[child]] on his shoulders.>>>>[[[[Hypothesis]]]]: A child is on a mans shoulders.,4.75,3.3333333333333335,1.0,4.333333333333333
pso,snli,191,0,1,0.891159343,0.922809829,0.96309996,0.92103475,1.100562348,0.9186394,2.759509525,0.9043361,0.437410693,0.458333333,0.844250801,0.830528846,0.822916667,0.809525061,0.186476226,,[[[[Premise]]]]: A young girl who is barefoot and with a scarf over her head dips her pen in ink and writes in a notebook.>>>>[[[[Hypothesis]]]]: [[canine]] chases [[ounce]],[[[[Premise]]]]: A young girl who is barefoot and with a scarf over her head dips her pen in ink and writes in a notebook.>>>>[[[[Hypothesis]]]]: [[dog]] chases [[squirrel]],2.5,1.6666666666666667,2.0,4.666666666666667
checklist,snli,164,2,1,0.815355104,0.926880811,0.9335837,0.95268923,0.699725067,0.9301958,2.569655172,0.9155715,0.41092214,0.45693109,0.844951923,0.922676282,0.925080128,0.864210081,0.166638357,,[[[[Premise]]]]: A man in a red shirt entering an establishment.>>>>[[[[Hypothesis]]]]: [[Yair]] walked into the store.,[[[[Premise]]]]: A man in a red shirt entering an establishment.>>>>[[[[Hypothesis]]]]: [[Bob]] walked into the store.,3.25,2.3333333333333335,2.0,4.25
pso,snli,253,2,0,0.90251398,0.959569231,0.96294254,0.9689826,0.656166929,0.8904051,2.877711588,0.901636,0.443540333,0.458333333,0.845052083,0.897836538,0.887419872,0.681967849,0.19059139,,[[[[Premise]]]]: A man selling or buying oranges on a cart in an outside supermarket.>>>>[[[[Hypothesis]]]]: A [[militia]] is outside on a cloudy day in front of a store.,[[[[Premise]]]]: A man selling or buying oranges on a cart in an outside supermarket.>>>>[[[[Hypothesis]]]]: A [[man]] is outside on a cloudy day in front of a store.,1.3333333333333333,3.0,2.0,3.5
pso,snli,304,2,0,0.921050021,0.967709417,0.9607523,0.97654593,0.598970714,0.98542225,1.035171445,0.9433337,0.336649131,0.456029647,0.84364984,0.874599359,0.876201923,0.846128535,0.185518052,,"[[[[Premise]]]]: An old woman in a sunlit room winds rough yarn into balls, the finished yarn balls placed in a pile to her right.>>>>[[[[Hypothesis]]]]: A woman [[snarls]] yarn to help pay her rent","[[[[Premise]]]]: An old woman in a sunlit room winds rough yarn into balls, the finished yarn balls placed in a pile to her right.>>>>[[[[Hypothesis]]]]: A woman [[winds]] yarn to help pay her rent",4.0,3.25,2.0,3.0
bae,snli,48,1,2,0.849232664,0.940257353,0.9817316,0.99478245,0.261478964,0.98643166,1.217103383,0.98103094,0.19477769,0.463241186,0.845953526,0.96875,0.96875,0.946676964,0.238166322,,[[[[Premise]]]]: Boy wearing a blue hoodie jumps over a [[railing]] railing.>>>>[[[[Hypothesis]]]]: A boy jumps over a stair railing.,[[[[Premise]]]]: Boy wearing a blue hoodie jumps over a [[stair]] railing.>>>>[[[[Hypothesis]]]]: A boy jumps over a stair railing.,3.3333333333333335,2.0,1.0,3.6666666666666665
alzantot,snli,176,1,0,0.921058932,0.954493919,0.9793657,0.9708602,0.664010636,0.99032456,0.89883174,0.9849034,0.173762051,0.464042468,0.844250801,0.911057692,0.91025641,0.916576082,0.165717987,,[[[[Premise]]]]: Two little Asian kids are dressed warmly in colorful jackets while standing on the playground.>>>>[[[[Hypothesis]]]]: The children are dressed in warm [[dresses]].,[[[[Premise]]]]: Two little Asian kids are dressed warmly in colorful jackets while standing on the playground.>>>>[[[[Hypothesis]]]]: The children are dressed in warm [[clothing]].,3.6666666666666665,2.6666666666666665,1.0,3.75
bae,snli,259,0,2,0.878741909,0.951904762,0.947724,0.9385867,0.947909468,0.8733772,3.293618195,0.88293475,0.483870442,0.459735577,0.845853365,0.90224359,0.898237179,0.856854749,0.306904318,,[[[[Premise]]]]: A little girl in pink boots [[says]] down the street.>>>>[[[[Hypothesis]]]]: A little girl in pink boots is sitting in a chair.,[[[[Premise]]]]: A little girl in pink boots [[runs]] down the street.>>>>[[[[Hypothesis]]]]: A little girl in pink boots is sitting in a chair.,2.6666666666666665,2.3333333333333335,2.0,2.3333333333333335
bae,snli,171,1,0,0.915710375,0.966508125,0.9697322,0.9948353,0.263399679,0.94977456,1.733869989,0.96692365,0.257202038,0.455829327,0.845452724,0.927884615,0.922676282,0.811348802,0.209873322,,[[[[Premise]]]]: A man in a black shirt is smiling at a [[dude]] in a black shirt what a tattoo and a eye brow ring.>>>>[[[[Hypothesis]]]]: A man is smiling at a woman.,[[[[Premise]]]]: A man in a black shirt is smiling at a [[woman]] in a black shirt what a tattoo and a eye brow ring.>>>>[[[[Hypothesis]]]]: A man is smiling at a woman.,1.0,1.6666666666666667,0.0,4.0
alzantot,snli,214,1,2,0.894225554,0.958018273,0.9468414,0.97024024,0.657880294,0.9822107,1.187672196,0.9633013,0.270919535,0.456430288,0.844751603,0.898637821,0.892628205,0.832026994,0.314980071,,[[[[Premise]]]]: A man and woman sit on a dock looking out over the water on an overcast day.>>>>[[[[Hypothesis]]]]: The day is [[pessimistic]] and poorly lit.,[[[[Premise]]]]: A man and woman sit on a dock looking out over the water on an overcast day.>>>>[[[[Hypothesis]]]]: The day is [[gloomy]] and poorly lit.,3.6666666666666665,4.333333333333333,1.0,2.3333333333333335
bae,snli,91,1,2,0.943887205,0.967598566,0.9849099,0.982719,0.47257099,0.98265386,1.201361089,0.9849484,0.173502989,0.461738782,0.844150641,0.948317308,0.953525641,0.898264724,0.288922848,,[[[[Premise]]]]: Two [[people]] and a man are in a sporty red convertible in front of a large group of people on the sidewalk.>>>>[[[[Hypothesis]]]]: Two women are in a car with a man.,[[[[Premise]]]]: Two [[women]] and a man are in a sporty red convertible in front of a large group of people on the sidewalk.>>>>[[[[Hypothesis]]]]: Two women are in a car with a man.,4.666666666666667,3.3333333333333335,1.0,3.6666666666666665
pso,snli,32,1,2,0.876156078,0.928360101,0.95331883,0.8865972,1.051414995,0.7987004,4.512890292,0.8159143,0.606771439,0.462740385,0.845552885,0.862980769,0.849358974,0.731894994,0.18020971,,[[[[Premise]]]]: a man with a blue jacket look at items.>>>>[[[[Hypothesis]]]]: A man looks at [[tides]].,[[[[Premise]]]]: a man with a blue jacket look at items.>>>>[[[[Hypothesis]]]]: A man looks at [[things]].,1.6666666666666667,2.6666666666666665,2.0,3.6666666666666665
pso,snli,346,2,0,0.93365107,0.971608166,0.98304707,0.99042076,0.407968646,0.8950098,2.706988736,0.8799254,0.490050439,0.453625801,0.845753205,0.925080128,0.916266026,0.738536307,0.259270408,,[[[[Premise]]]]: A young man dressed in black dress clothes lies down with his head resting in the lap of an older man in plain clothes.>>>>[[[[Hypothesis]]]]: One [[ape]] is dressed up for a night out while the other is not.,[[[[Premise]]]]: A young man dressed in black dress clothes lies down with his head resting in the lap of an older man in plain clothes.>>>>[[[[Hypothesis]]]]: One [[man]] is dressed up for a night out while the other is not.,1.5,3.3333333333333335,2.0,3.6666666666666665
bae,snli,136,0,2,0.815355104,0.926880811,0.89942944,0.8876592,1.172587055,0.8702708,3.636388174,0.8574115,0.534019694,0.457832532,0.845853365,0.856971154,0.854567308,0.681832331,0.141487699,,[[[[Premise]]]]: A man is sitting outside next to fruit.>>>>[[[[Hypothesis]]]]: A man [[waiting]] on a car.,[[[[Premise]]]]: A man is sitting outside next to fruit.>>>>[[[[Hypothesis]]]]: A man [[sleeps]] on a car.,2.3333333333333335,1.6666666666666667,2.0,4.666666666666667
pso,snli,181,1,0,0.935369573,0.972889556,0.9748307,0.97349596,0.665579844,0.9900935,0.892296554,0.96919703,0.248205617,0.462940705,0.843249199,0.946714744,0.951522436,0.840229052,0.185731363,,"[[[[Premise]]]]: An Asian badminton player at the Olympics is sprawled on the court, face down with his racket at his side.>>>>[[[[Hypothesis]]]]: A sports contestant in an international [[equestrian]], is on the ground still holding onto his sporting equipment.","[[[[Premise]]]]: An Asian badminton player at the Olympics is sprawled on the court, face down with his racket at his side.>>>>[[[[Hypothesis]]]]: A sports contestant in an international [[competition]], is on the ground still holding onto his sporting equipment.",1.6666666666666667,2.6666666666666665,0.0,4.0
pso,snli,362,0,1,0.876156078,0.928360101,0.9828661,0.96596265,0.673632535,0.98874575,1.116804729,0.9662143,0.259944824,0.468149038,0.844250801,0.905048077,0.897035256,0.928174728,0.242225203,,[[[[Premise]]]]: A man is herding horned cows on a horse.>>>>[[[[Hypothesis]]]]: A man is herding [[livestock]].,[[[[Premise]]]]: A man is herding horned cows on a horse.>>>>[[[[Hypothesis]]]]: A man is herding [[sheep]].,3.0,3.3333333333333335,1.0,4.666666666666667
alzantot,snli,368,1,2,0.83711701,0.92244898,0.94684875,0.9662877,0.660366652,0.96202844,1.87442888,0.9585176,0.28803651,0.466346154,0.844350962,0.869791667,0.875801282,0.917396891,0.166963418,,[[[[Premise]]]]: a brown and a black dog play in a field>>>>[[[[Hypothesis]]]]: There is a [[terrier]] outside.,[[[[Premise]]]]: a brown and a black dog play in a field>>>>[[[[Hypothesis]]]]: There is a [[dog]] outside.,4.333333333333333,3.25,1.0,3.3333333333333335
pso,snli,123,1,0,0.839432708,0.933823529,0.93838906,0.97267085,0.552468969,0.9577385,2.098629444,0.9359928,0.357791246,0.467447917,0.844851763,0.919871795,0.919871795,0.824052799,0.294347112,,[[[[Premise]]]]: A mom and son enjoying a day in the park.>>>>[[[[Hypothesis]]]]: A [[grandparent]] and son enjoying a day,[[[[Premise]]]]: A mom and son enjoying a day in the park.>>>>[[[[Hypothesis]]]]: A [[mom]] and son enjoying a day,2.6666666666666665,2.3333333333333335,0.0,3.3333333333333335
bae,snli,249,1,2,0.915710375,0.965341309,0.9863146,0.9885369,0.452694153,0.94656605,2.184786853,0.923728,0.390568916,0.460536859,0.839042468,0.931490385,0.938301282,0.817998195,0.19902281,,"[[[[Premise]]]]: Nine women in blue and purple dresses and one man wearing a purple shirt and black pants, [[dance]] while a man dressed in black dances.>>>>[[[[Hypothesis]]]]: There are people clapping.","[[[[Premise]]]]: Nine women in blue and purple dresses and one man wearing a purple shirt and black pants, [[clap]] while a man dressed in black dances.>>>>[[[[Hypothesis]]]]: There are people clapping.",1.6666666666666667,2.3333333333333335,2.0,3.3333333333333335
pso,snli,100,1,0,0.947583374,0.978401641,0.97696894,0.99877226,0.160608473,0.9467803,1.64115052,0.9372877,0.354153565,0.461738782,0.844150641,0.900641026,0.898237179,0.719116516,0.192517571,,"[[[[Premise]]]]: A lone, 2-3 year old blond child in a blue jacket is putting a small black plastic item in his mouth as he kneels on a waiting room couch pointed toward the back while looking at something or someone not in the room.>>>>[[[[Hypothesis]]]]: The [[bambino]] is blonde.","[[[[Premise]]]]: A lone, 2-3 year old blond child in a blue jacket is putting a small black plastic item in his mouth as he kneels on a waiting room couch pointed toward the back while looking at something or someone not in the room.>>>>[[[[Hypothesis]]]]: The [[child]] is blonde.",3.5,3.75,1.0,3.6666666666666665
alzantot,snli,165,2,0,0.806182342,0.902670342,0.9058706,0.92920643,1.096134126,0.8624286,2.788368411,0.8987459,0.450009211,0.46103766,0.844651442,0.895432692,0.893028846,0.776483566,0.147149275,,"[[[[Premise]]]]: Two men, both have glasses, are wearing striped shirts are in the kitchen preparing a meal and washing up.>>>>[[[[Hypothesis]]]]: Two men are fixing their [[handcuffs]] a romantic [[dining]] for Valentine's [[Dias]].","[[[[Premise]]]]: Two men, both have glasses, are wearing striped shirts are in the kitchen preparing a meal and washing up.>>>>[[[[Hypothesis]]]]: Two men are fixing their [[wives]] a romantic [[dinner]] for Valentine's [[Day]].",2.3333333333333335,2.0,2.0,2.6666666666666665
bae,snli,219,1,0,0.866641573,0.920940171,0.9378013,0.9265862,0.948621304,0.887072,3.512598789,0.9036706,0.438929309,0.466846955,0.844551282,0.903846154,0.899038462,0.815719491,0.253862234,,[[[[Premise]]]]: Four [[skaters]] performing a cheer on court at UCLA.>>>>[[[[Hypothesis]]]]: Cheerleaders performing a cheer.,[[[[Premise]]]]: Four [[cheerleaders]] performing a cheer on court at UCLA.>>>>[[[[Hypothesis]]]]: Cheerleaders performing a cheer.,2.6666666666666665,3.0,0.0,3.0
pso,snli,24,0,1,0.720039135,0.88335458,0.94057274,0.90747815,1.172157449,0.90009594,2.926932544,0.9472723,0.324739132,0.463141026,0.839443109,0.876201923,0.878605769,0.908812404,0.072980034,,[[[[Premise]]]]: Blue race car raises dust cloud on road as spectators take photos.>>>>[[[[Hypothesis]]]]: A [[automobile]] parked on a [[conveyance]] [[vessel]].,[[[[Premise]]]]: Blue race car raises dust cloud on road as spectators take photos.>>>>[[[[Hypothesis]]]]: A [[car]] parked on a [[ferry]] [[boat]].,4.666666666666667,2.5,0.0,3.6666666666666665
pso,snli,334,0,1,0.918467802,0.967598566,0.98218924,0.98301166,0.496395338,0.9805955,1.196186211,0.9358999,0.358050834,0.458032853,0.842247596,0.943108974,0.938701923,0.804098517,0.172268326,,"[[[[Premise]]]]: At an outdoor event in an Asian-themed area, a crowd congregates as one person in a yellow Chinese dragon costume confronts the camera.>>>>[[[[Hypothesis]]]]: A [[odd]] man is next to a camera","[[[[Premise]]]]: At an outdoor event in an Asian-themed area, a crowd congregates as one person in a yellow Chinese dragon costume confronts the camera.>>>>[[[[Hypothesis]]]]: A [[single]] man is next to a camera",4.0,3.6666666666666665,0.0,2.6666666666666665
bae,snli,26,2,1,0.941435682,0.977223561,0.9880738,0.99202156,0.361935729,0.9947766,0.629837929,0.98852247,0.151509486,0.465444712,0.839342949,0.96875,0.969551282,0.942190075,0.164179707,,[[[[Premise]]]]: Boys on a field playing flag football with one boy wearing the red flag clutching the football while a boy with a yellow flag dives to get his red flag.>>>>[[[[Hypothesis]]]]: A boy dives to get the flag to [[complete]] the game of flag football,[[[[Premise]]]]: Boys on a field playing flag football with one boy wearing the red flag clutching the football while a boy with a yellow flag dives to get his red flag.>>>>[[[[Hypothesis]]]]: A boy dives to get the flag to [[end]] the game of flag football,5.0,3.0,2.0,3.6666666666666665
pso,snli,179,2,0,0.912759211,0.965341309,0.9709685,0.93836254,1.01182397,0.96020323,1.679674004,0.90837413,0.428079176,0.456730769,0.835036058,0.768429487,0.760416667,0.792290676,0.207632234,,[[[[Premise]]]]: A man wearing black pants and jacket is on a blue scooter next to a crowd of people and a green tent.>>>>[[[[Hypothesis]]]]: The crowd is [[driving]] for the man.,[[[[Premise]]]]: A man wearing black pants and jacket is on a blue scooter next to a crowd of people and a green tent.>>>>[[[[Hypothesis]]]]: The crowd is [[cheering]] for the man.,3.3333333333333335,1.6666666666666667,2.0,4.0
